timestamp,sensor_id,temp_C,hum_%,TVOC_ppb,eCO2_ppm,PM1_0,PM2_5,PM10
2026-03-19 17:16:12,Sensor2,23.50,22.50,6,410,5,5,10
2026-03-19 17:16:13,Sensor2,23.50,22.50,6,412,5,5,10
2026-03-19 17:16:14,Sensor2,23.50,22.50,5,400,4,5,10
2026-03-19 17:16:15,Sensor2,23.50,22.50,6,404,4,5,10
2026-03-19 17:16:16,Sensor2,23.50,22.50,8,411,4,4,7
2026-03-19 17:16:17,Sensor2,23.50,22.50,6,406,4,4,7
2026-03-19 17:16:18,Sensor2,23.50,22.50,8,410,4,5,9
2026-03-19 17:16:19,Sensor2,23.50,22.50,1,400,4,5,9
2026-03-19 17:16:20,Sensor2,23.50,22.50,2,400,4,5,9
2026-03-19 17:16:22,Sensor2,23.50,22.50,6,400,4,5,9
2026-03-19 17:16:23,Sensor2,23.50,22.50,8,400,4,4,7
2026-03-19 17:16:24,Sensor2,23.50,22.50,11,400,4,4,7
2026-03-19 17:16:25,Sensor2,23.50,22.50,2,400,3,3,3
2026-03-19 17:16:26,Sensor2,23.50,22.50,9,400,3,3,3
2026-03-19 17:16:26,Sensor2,23.50,22.50,9,400,3,3,3
2026-03-19 17:16:27,Sensor2,23.50,22.50,0,400,3,3,3
2026-03-19 17:16:28,Sensor2,23.50,22.50,0,400,3,3,4
2026-03-19 17:16:29,Sensor2,23.50,22.50,8,400,3,3,4
2026-03-19 17:16:30,Sensor2,23.50,22.50,2,400,3,3,4
2026-03-19 17:16:31,Sensor2,23.50,22.50,7,400,3,3,4
2026-03-19 17:16:32,Sensor2,23.50,22.50,0,400,3,3,4
2026-03-19 17:16:33,Sensor2,23.50,22.50,0,400,3,3,4
2026-03-19 17:16:34,Sensor2,23.50,22.50,8,400,3,3,4
2026-03-19 17:16:35,Sensor2,23.50,22.50,2,400,3,3,4
2026-03-19 17:16:36,Sensor2,23.50,22.50,8,400,3,3,3
2026-03-19 17:16:38,Sensor2,23.50,22.50,5,400,3,3,4
2026-03-19 17:16:39,Sensor2,23.50,22.50,0,400,2,3,3
2026-03-19 17:16:40,Sensor2,23.50,22.50,2,400,2,3,3
2026-03-19 17:16:41,Sensor2,23.50,22.50,0,400,3,3,4
2026-03-19 17:16:41,Sensor2,23.50,22.50,0,400,3,3,4
2026-03-19 17:16:42,Sensor2,23.50,22.40,7,400,3,3,5
2026-03-19 17:16:43,Sensor2,23.50,22.40,0,400,3,3,5
2026-03-19 17:16:44,Sensor2,23.50,22.40,3,400,3,3,5
2026-03-19 17:16:45,Sensor2,23.50,22.40,8,400,3,3,5
2026-03-19 17:16:46,Sensor2,23.50,22.40,9,400,3,3,4
2026-03-19 17:16:47,Sensor2,23.50,22.40,6,400,3,3,4
2026-03-19 17:16:48,Sensor2,23.50,22.40,13,400,2,3,3
2026-03-19 17:16:49,Sensor2,23.50,22.40,10,400,2,3,3
2026-03-19 17:16:50,Sensor2,23.50,22.40,3,400,2,3,3
2026-03-19 17:16:52,Sensor2,23.50,22.40,6,400,3,3,5
2026-03-19 17:16:53,Sensor2,23.50,22.40,7,400,3,3,5
2026-03-19 17:16:54,Sensor2,23.50,22.40,5,400,3,3,5
2026-03-19 17:16:55,Sensor2,23.50,22.30,1,400,3,3,5
2026-03-19 17:16:56,Sensor2,23.50,22.30,2,400,3,3,5
2026-03-19 17:16:56,Sensor2,23.50,22.30,1,400,2,3,5
2026-03-19 17:16:57,Sensor2,23.50,22.30,1,400,2,3,5
2026-03-19 17:16:58,Sensor2,23.50,22.30,3,400,3,3,5
2026-03-19 17:16:59,Sensor2,23.50,22.30,1,400,3,3,5
2026-03-19 17:17:00,Sensor2,23.50,22.30,1,400,3,4,5
2026-03-19 17:17:01,Sensor2,23.50,22.30,0,400,3,4,5
2026-03-19 17:17:02,Sensor2,23.50,22.30,0,400,3,3,5
2026-03-19 17:17:03,Sensor2,23.50,22.30,0,400,3,3,5
2026-03-19 17:17:04,Sensor2,23.50,22.30,0,400,3,3,5
2026-03-19 17:17:05,Sensor2,23.50,22.30,4,400,3,3,5
2026-03-19 17:17:07,Sensor2,23.50,22.30,0,400,3,3,5
2026-03-19 17:17:08,Sensor2,23.50,22.30,3,400,3,3,5
2026-03-19 17:17:09,Sensor2,23.50,22.30,13,402,2,3,3
2026-03-19 17:17:10,Sensor2,23.50,22.30,4,400,2,3,3
2026-03-19 17:17:10,Sensor2,23.50,22.20,9,407,3,3,3
2026-03-19 17:17:11,Sensor2,23.50,22.20,12,406,3,3,3
2026-03-19 17:17:12,Sensor2,23.50,22.30,10,400,3,3,3
2026-03-19 17:17:13,Sensor2,23.50,22.30,11,405,3,3,3
2026-03-19 17:17:14,Sensor2,23.50,22.20,11,402,3,3,3
2026-03-19 17:17:15,Sensor2,23.50,22.20,14,401,3,3,3
2026-03-19 17:17:16,Sensor2,23.50,22.20,12,405,3,3,3
2026-03-19 17:17:17,Sensor2,23.50,22.20,6,400,3,3,3
2026-03-19 17:17:18,Sensor2,23.50,22.20,5,400,2,2,2
2026-03-19 17:17:19,Sensor2,23.50,22.20,11,400,2,2,2
2026-03-19 17:17:20,Sensor2,23.50,22.20,4,400,2,2,2
2026-03-19 17:17:22,Sensor2,23.50,22.20,7,400,2,3,3
2026-03-19 17:17:23,Sensor2,23.50,22.20,4,400,3,3,3
2026-03-19 17:17:24,Sensor2,23.50,22.20,5,400,3,3,3
2026-03-19 17:17:25,Sensor2,23.50,22.10,7,400,3,3,3
2026-03-19 17:17:25,Sensor2,23.50,22.10,2,400,3,3,3
2026-03-19 17:17:26,Sensor2,23.50,22.10,7,400,3,3,3
2026-03-19 17:17:27,Sensor2,23.50,22.10,2,400,3,3,3
2026-03-19 17:17:28,Sensor2,23.50,22.10,0,400,3,3,3
2026-03-19 17:17:29,Sensor2,23.50,22.10,1,400,3,3,3
2026-03-19 17:17:30,Sensor2,23.50,22.10,0,400,3,3,3
2026-03-19 17:17:31,Sensor2,23.50,22.10,7,400,3,3,3
2026-03-19 17:17:32,Sensor2,23.50,22.10,8,406,3,3,3
2026-03-19 17:17:33,Sensor2,23.50,22.10,9,412,3,3,3
2026-03-19 17:17:34,Sensor2,23.50,22.10,5,408,3,3,3
2026-03-19 17:17:36,Sensor2,23.50,22.10,7,408,2,2,2
2026-03-19 17:17:37,Sensor2,23.50,22.10,6,407,2,2,2
2026-03-19 17:17:38,Sensor2,23.50,22.10,11,414,2,2,2
2026-03-19 17:17:39,Sensor2,23.50,22.10,8,416,3,3,3
2026-03-19 17:17:39,Sensor2,23.50,22.10,14,416,3,3,3
2026-03-19 17:17:40,Sensor2,23.50,22.10,5,403,3,4,4
2026-03-19 17:17:41,Sensor2,23.50,22.10,11,406,3,4,4
2026-03-19 17:17:42,Sensor2,23.50,22.10,0,400,3,4,4
2026-03-19 17:17:43,Sensor2,23.50,22.10,5,400,3,4,4
2026-03-19 17:17:44,Sensor2,23.50,22.10,5,400,3,4,4
2026-03-19 17:17:45,Sensor2,23.50,22.10,5,405,3,4,4
2026-03-19 17:17:46,Sensor2,23.50,22.10,5,400,4,4,4
2026-03-19 17:17:47,Sensor2,23.50,22.10,2,400,4,4,4
2026-03-19 17:17:48,Sensor2,23.50,22.10,4,408,4,4,4
2026-03-19 17:17:49,Sensor2,23.50,22.10,3,400,4,4,4
2026-03-19 17:17:51,Sensor2,23.50,22.10,0,408,3,4,4
2026-03-19 17:17:52,Sensor2,23.50,22.10,0,403,3,4,4
2026-03-19 17:17:53,Sensor2,23.50,22.10,7,403,4,4,4
2026-03-19 17:17:54,Sensor2,23.50,22.10,8,404,4,4,4
2026-03-19 17:17:55,Sensor2,23.50,22.00,3,408,3,3,5
2026-03-19 17:17:55,Sensor2,23.50,22.00,6,407,3,3,5
2026-03-19 17:17:56,Sensor2,23.50,22.10,6,409,3,3,5
2026-03-19 17:17:57,Sensor2,23.50,22.10,5,402,3,3,5
2026-03-19 17:17:58,Sensor2,23.50,22.10,0,407,3,3,5
2026-03-19 17:17:59,Sensor2,23.50,22.10,11,415,3,3,5
2026-03-19 17:18:00,Sensor2,23.50,22.10,12,411,2,3,4
2026-03-19 17:18:01,Sensor2,23.50,22.10,14,412,2,3,4
2026-03-19 17:18:02,Sensor2,23.50,22.10,0,412,3,3,4
2026-03-19 17:18:03,Sensor2,23.50,22.10,0,407,3,3,4
2026-03-19 17:18:04,Sensor2,23.50,22.10,4,401,2,3,4
2026-03-19 17:18:06,Sensor2,23.50,22.10,0,400,2,3,5
2026-03-19 17:18:07,Sensor2,23.50,22.00,4,400,2,3,6
2026-03-19 17:18:08,Sensor2,23.50,22.00,7,400,2,3,6
2026-03-19 17:18:09,Sensor2,23.50,22.00,6,400,3,3,6
2026-03-19 17:18:09,Sensor2,23.50,22.00,2,400,3,3,6
2026-03-19 17:18:10,Sensor2,23.50,22.00,7,401,4,4,7
2026-03-19 17:18:11,Sensor2,23.50,22.00,12,400,4,4,7
2026-03-19 17:18:12,Sensor2,23.50,22.00,0,400,3,4,5
2026-03-19 17:18:13,Sensor2,23.50,22.00,8,408,3,4,5
2026-03-19 17:18:14,Sensor2,23.50,22.00,8,400,3,4,5
2026-03-19 17:18:15,Sensor2,23.50,22.00,8,412,3,4,5
2026-03-19 17:18:16,Sensor2,23.50,22.00,10,401,3,4,5
2026-03-19 17:18:17,Sensor2,23.50,22.00,12,403,3,4,5
2026-03-19 17:18:18,Sensor2,23.50,22.00,9,402,3,4,5
2026-03-19 17:18:19,Sensor2,23.50,22.00,14,400,3,4,5
2026-03-19 17:18:21,Sensor2,23.50,22.00,9,400,3,4,5
2026-03-19 17:18:22,Sensor2,23.50,22.00,9,400,3,4,5
2026-03-19 17:18:23,Sensor2,23.50,22.10,6,400,3,3,3
2026-03-19 17:18:24,Sensor2,23.50,22.10,13,400,3,3,3
2026-03-19 17:18:24,Sensor2,23.50,22.10,11,400,3,3,3
2026-03-19 17:18:25,Sensor2,23.50,22.10,12,400,3,3,3
2026-03-19 17:18:26,Sensor2,23.50,22.20,9,400,2,3,3
2026-03-19 17:18:27,Sensor2,23.50,22.20,0,400,2,3,3
2026-03-19 17:18:28,Sensor2,23.50,22.20,0,400,2,2,2
2026-03-19 17:18:29,Sensor2,23.50,22.20,2,400,2,2,2
2026-03-19 17:18:30,Sensor2,23.50,22.10,2,400,2,3,3
2026-03-19 17:18:31,Sensor2,23.50,22.10,0,400,2,3,3
2026-03-19 17:18:32,Sensor2,23.50,22.10,0,400,3,3,3
2026-03-19 17:18:33,Sensor2,23.50,22.10,0,400,3,3,3
2026-03-19 17:18:34,Sensor2,23.50,22.10,0,400,3,3,3
2026-03-19 17:18:36,Sensor2,23.50,22.10,0,400,3,3,3
2026-03-19 17:18:37,Sensor2,23.50,22.00,7,400,3,3,5
2026-03-19 17:18:38,Sensor2,23.50,22.00,3,400,3,3,5
2026-03-19 17:18:39,Sensor2,23.50,22.00,1,400,3,3,4
2026-03-19 17:18:40,Sensor2,23.50,22.00,12,400,3,3,4
2026-03-19 17:18:41,Sensor2,23.50,22.00,0,400,3,3,4
2026-03-19 17:18:42,Sensor2,23.50,22.00,13,400,3,3,4
2026-03-19 17:18:43,Sensor2,23.50,22.00,9,400,3,3,5
2026-03-19 17:18:44,Sensor2,23.50,22.00,9,400,3,3,5
2026-03-19 17:18:48,Sensor2,23.50,21.90,14,400,3,3,5
2026-03-19 17:18:48,Sensor2,23.50,21.90,14,400,3,3,5
2026-03-19 17:18:48,Sensor2,23.50,22.00,12,400,3,4,5
2026-03-19 17:18:48,Sensor2,23.50,22.00,7,400,3,4,5
2026-03-19 17:18:49,Sensor2,23.50,22.00,19,401,3,4,5
2026-03-19 17:18:50,Sensor2,23.50,22.00,18,400,3,3,5
2026-03-19 17:18:51,Sensor2,23.50,22.10,18,400,2,3,4
2026-03-19 17:18:52,Sensor2,23.50,22.10,11,400,2,3,4
2026-03-19 17:18:53,Sensor2,23.50,22.00,15,400,3,4,5
2026-03-19 17:18:54,Sensor2,23.50,22.00,20,405,3,4,5
2026-03-19 17:18:54,Sensor2,23.50,22.10,14,401,2,4,4
2026-03-19 17:18:55,Sensor2,23.50,22.10,21,400,2,4,4
2026-03-19 17:18:56,Sensor2,23.50,22.10,17,400,3,4,4
2026-03-19 17:18:57,Sensor2,23.50,22.10,16,400,3,4,4
2026-03-19 17:18:58,Sensor2,23.50,22.10,18,400,3,4,4
2026-03-19 17:18:59,Sensor2,23.50,22.10,13,400,3,4,4
2026-03-19 17:19:00,Sensor2,23.50,22.10,16,400,3,4,4
2026-03-19 17:19:01,Sensor2,23.50,22.10,10,400,3,4,4
2026-03-19 17:19:02,Sensor2,23.50,22.10,11,400,3,4,4
2026-03-19 17:19:03,Sensor2,23.50,22.10,12,400,3,4,4
2026-03-19 17:19:05,Sensor2,23.50,22.10,8,400,3,4,4
2026-03-19 17:19:06,Sensor2,23.50,22.10,10,400,3,4,4
2026-03-19 17:19:07,Sensor2,23.50,22.10,4,400,3,4,4
2026-03-19 17:19:08,Sensor2,23.50,22.10,0,400,3,4,4
2026-03-19 17:19:09,Sensor2,23.50,22.10,5,400,3,4,4
2026-03-19 17:19:09,Sensor2,23.50,22.10,2,400,3,4,4
2026-03-19 17:19:10,Sensor2,23.50,22.10,8,400,3,4,4
2026-03-19 17:19:11,Sensor2,23.50,22.10,9,400,3,4,4
2026-03-19 17:19:12,Sensor2,23.50,22.00,6,400,3,4,4
2026-03-19 17:19:13,Sensor2,23.50,22.00,0,400,3,4,4
2026-03-19 17:19:14,Sensor2,23.50,22.00,0,400,3,4,4
2026-03-19 17:19:15,Sensor2,23.50,22.00,1,400,3,4,4
2026-03-19 17:19:16,Sensor2,23.50,22.00,3,400,3,4,4
2026-03-19 17:19:17,Sensor2,23.50,22.00,5,400,3,4,4
2026-03-19 17:19:18,Sensor2,23.50,22.00,5,400,3,4,4
2026-03-19 17:19:20,Sensor2,23.50,22.00,0,400,3,4,4
2026-03-19 17:19:21,Sensor2,23.50,22.00,8,400,3,3,3
2026-03-19 17:19:22,Sensor2,23.50,22.00,3,400,3,3,3
2026-03-19 17:19:23,Sensor2,23.50,22.00,6,400,3,3,3
2026-03-19 17:19:23,Sensor2,23.50,22.00,7,400,3,3,3
2026-03-19 17:19:24,Sensor2,23.50,22.00,6,400,3,3,3
2026-03-19 17:19:25,Sensor2,23.50,22.00,9,400,3,3,3
2026-03-19 17:19:26,Sensor2,23.50,21.90,4,400,3,4,5
2026-03-19 17:19:27,Sensor2,23.50,21.90,15,400,3,4,5
2026-03-19 17:19:28,Sensor2,23.50,21.90,13,400,3,3,4
2026-03-19 17:19:29,Sensor2,23.50,21.90,10,400,3,3,4
2026-03-19 17:19:30,Sensor2,23.50,21.90,14,400,3,3,4
2026-03-19 17:19:31,Sensor2,23.50,21.90,12,400,3,3,4
2026-03-19 17:19:32,Sensor2,23.50,21.90,9,400,3,3,4
2026-03-19 17:19:33,Sensor2,23.50,21.90,16,400,3,3,4
2026-03-19 17:19:35,Sensor2,23.50,22.00,4,400,3,3,4
2026-03-19 17:19:36,Sensor2,23.50,22.00,7,400,3,3,4
2026-03-19 17:19:37,Sensor2,23.50,22.00,4,400,3,3,4
2026-03-19 17:19:38,Sensor2,23.50,22.00,3,400,3,3,4
2026-03-19 17:19:38,Sensor2,23.50,22.00,5,400,3,3,4
2026-03-19 17:19:39,Sensor2,23.50,22.00,2,400,3,3,4
2026-03-19 17:19:40,Sensor2,23.50,22.00,1,400,3,3,4
2026-03-19 17:19:41,Sensor2,23.50,22.00,0,400,3,3,4
2026-03-19 17:19:42,Sensor2,23.50,22.00,0,400,3,4,5
2026-03-19 17:19:43,Sensor2,23.50,22.00,7,400,3,4,5
2026-03-19 17:19:44,Sensor2,23.50,22.00,0,400,3,3,3
2026-03-19 17:19:45,Sensor2,23.50,22.00,10,400,3,3,3
2026-03-19 17:19:46,Sensor2,23.50,21.90,0,400,3,4,4
2026-03-19 17:19:47,Sensor2,23.50,21.90,9,400,3,4,4
2026-03-19 17:19:48,Sensor2,23.50,21.90,9,400,3,4,4
2026-03-19 17:19:50,Sensor2,23.50,21.90,11,400,3,3,3
2026-03-19 17:19:51,Sensor2,23.50,21.90,9,400,3,3,3
2026-03-19 17:19:52,Sensor2,23.50,21.90,8,400,3,3,3
2026-03-19 17:19:53,Sensor2,23.50,21.90,0,400,2,3,3
2026-03-19 17:19:53,Sensor2,23.50,21.90,8,400,2,3,3
2026-03-19 17:19:54,Sensor2,23.50,21.90,6,400,2,3,3
2026-03-19 17:19:55,Sensor2,23.50,21.90,7,400,2,3,3
2026-03-19 17:19:56,Sensor2,23.50,21.90,11,400,2,3,3
2026-03-19 17:19:57,Sensor2,23.50,21.90,9,400,2,3,3
2026-03-19 17:19:58,Sensor2,23.50,21.90,7,400,3,4,4
2026-03-19 17:19:59,Sensor2,23.50,21.90,13,400,3,4,4
2026-03-19 17:20:00,Sensor2,23.50,21.90,11,400,2,3,3
2026-03-19 17:20:01,Sensor2,23.50,21.90,6,400,2,3,3
2026-03-19 17:20:02,Sensor2,23.50,21.90,8,400,2,3,3
2026-03-19 17:20:03,Sensor2,23.50,21.90,10,400,2,3,3
2026-03-19 17:20:04,Sensor2,23.50,21.90,14,400,2,3,3
2026-03-19 17:20:05,Sensor2,23.50,21.90,18,400,3,3,3
2026-03-19 17:20:06,Sensor2,23.50,21.90,15,400,3,3,3
2026-03-19 17:20:07,Sensor2,23.50,21.90,18,400,3,3,3
2026-03-19 17:20:08,Sensor2,23.50,21.90,17,400,3,3,3
2026-03-19 17:20:09,Sensor2,23.50,21.90,10,400,3,3,3
2026-03-19 17:20:10,Sensor2,23.50,21.90,10,400,3,3,3
2026-03-19 17:20:12,Sensor2,23.50,21.90,7,400,3,3,3
2026-03-19 17:20:13,Sensor2,23.50,21.90,15,400,3,3,3
2026-03-19 17:20:14,Sensor2,23.50,21.90,16,400,2,2,2
2026-03-19 17:20:15,Sensor2,23.50,21.90,11,400,2,2,2
2026-03-19 17:20:16,Sensor2,23.50,21.90,20,400,2,3,3
2026-03-19 17:20:16,Sensor2,23.50,21.90,14,400,2,3,3
2026-03-19 17:20:17,Sensor2,23.50,21.90,18,400,3,4,4
2026-03-19 17:20:18,Sensor2,23.50,21.90,18,400,3,4,4
2026-03-19 17:20:19,Sensor2,23.50,21.90,16,407,3,4,4
2026-03-19 17:20:20,Sensor2,23.50,21.90,19,402,3,4,4
2026-03-19 17:20:21,Sensor2,23.50,21.90,21,400,3,4,4
2026-03-19 17:20:22,Sensor2,23.50,21.90,23,402,3,4,4
2026-03-19 17:20:23,Sensor2,23.50,21.90,19,401,3,3,3
2026-03-19 17:20:24,Sensor2,23.50,21.90,16,400,3,3,3
2026-03-19 17:20:25,Sensor2,23.50,21.90,14,400,3,4,4
2026-03-19 17:20:27,Sensor2,23.50,21.90,23,400,3,4,4
2026-03-19 17:20:28,Sensor2,23.50,21.90,18,400,3,3,3
2026-03-19 17:20:29,Sensor2,23.50,22.00,26,400,3,3,3
2026-03-19 17:20:30,Sensor2,23.50,22.00,22,406,3,4,4
2026-03-19 17:20:30,Sensor2,23.50,22.00,25,406,3,4,4
2026-03-19 17:20:31,Sensor2,23.50,22.00,17,400,3,4,4
2026-03-19 17:20:32,Sensor2,23.50,22.00,27,406,3,4,4
2026-03-19 17:20:33,Sensor2,23.50,22.00,22,400,3,4,4
2026-03-19 17:20:34,Sensor2,23.50,22.00,27,405,3,4,4
2026-03-19 17:20:35,Sensor2,23.50,22.00,25,403,3,3,3
2026-03-19 17:20:36,Sensor2,23.50,22.00,28,400,3,3,3
2026-03-19 17:20:37,Sensor2,23.50,22.00,22,400,2,3,3
2026-03-19 17:20:38,Sensor2,23.50,22.00,17,400,2,3,3
2026-03-19 17:20:39,Sensor2,23.50,22.00,20,400,3,3,3
2026-03-19 17:20:41,Sensor2,23.50,22.00,22,400,3,3,3
2026-03-19 17:20:42,Sensor2,23.50,22.00,25,400,3,4,4
2026-03-19 17:20:43,Sensor2,23.50,22.00,23,400,3,4,4
2026-03-19 17:20:44,Sensor2,23.50,22.00,22,400,3,4,4
2026-03-19 17:20:45,Sensor2,23.50,22.00,14,400,3,4,4
2026-03-19 17:20:46,Sensor2,23.50,22.00,27,403,3,4,4
2026-03-19 17:20:47,Sensor2,23.50,22.00,21,400,3,4,4
2026-03-19 17:20:48,Sensor2,23.50,22.00,21,400,3,4,4
2026-03-19 17:20:48,Sensor2,23.50,22.00,15,400,3,4,4
2026-03-19 17:20:49,Sensor2,23.50,22.00,18,400,3,4,4
2026-03-19 17:20:50,Sensor2,23.50,22.00,16,400,3,4,4
2026-03-19 17:20:51,Sensor2,23.50,22.00,9,400,3,4,4
2026-03-19 17:20:52,Sensor2,23.40,22.10,14,400,3,4,4
2026-03-19 17:20:53,Sensor2,23.40,22.10,15,400,4,5,7
2026-03-19 17:20:54,Sensor2,23.50,22.00,17,400,4,6,7
2026-03-19 17:20:55,Sensor2,23.50,22.00,12,400,4,6,7
2026-03-19 17:20:57,Sensor2,23.50,22.10,11,400,4,6,7
2026-03-19 17:20:58,Sensor2,23.50,22.10,11,400,4,6,7
2026-03-19 17:20:59,Sensor2,23.50,22.10,6,400,3,6,7
2026-03-19 17:21:00,Sensor2,23.50,22.10,12,400,4,6,8
2026-03-19 17:21:01,Sensor2,23.50,22.10,4,400,4,7,8
2026-03-19 17:21:02,Sensor2,23.50,22.10,11,400,3,5,5
2026-03-19 17:21:03,Sensor2,23.40,22.10,12,400,4,5,5
2026-03-19 17:21:04,Sensor2,23.40,22.10,15,400,4,5,5
2026-03-19 17:21:04,Sensor2,23.40,22.10,15,400,4,5,5
2026-03-19 17:21:05,Sensor2,23.40,22.10,8,400,4,5,5
2026-03-19 17:21:06,Sensor2,23.50,22.10,10,400,4,5,5
2026-03-19 17:21:07,Sensor2,23.50,22.10,6,400,4,5,5
2026-03-19 17:21:08,Sensor2,23.50,22.10,7,400,4,5,5
2026-03-19 17:21:09,Sensor2,23.50,22.10,6,400,4,6,6
2026-03-19 17:21:10,Sensor2,23.40,22.10,7,400,4,6,6
2026-03-19 17:21:11,Sensor2,23.40,22.10,7,400,5,6,6
2026-03-19 17:21:12,Sensor2,23.40,22.10,8,400,5,6,6
2026-03-19 17:21:13,Sensor2,23.40,22.10,10,400,5,6,6
2026-03-19 17:21:15,Sensor2,23.50,22.10,13,400,5,6,6
2026-03-19 17:21:16,Sensor2,23.50,22.10,9,400,6,7,7
2026-03-19 17:21:17,Sensor2,23.50,22.10,7,400,6,7,7
2026-03-19 17:21:18,Sensor2,23.50,22.10,2,400,6,7,7
2026-03-19 17:21:18,Sensor2,23.50,22.10,0,400,6,7,7
2026-03-19 17:21:19,Sensor2,23.50,22.10,1,400,5,6,10
2026-03-19 17:21:20,Sensor2,23.50,22.10,8,400,5,6,10
2026-03-19 17:21:21,Sensor2,23.50,22.10,3,400,5,6,10
2026-03-19 17:21:22,Sensor2,23.50,22.10,4,400,5,6,10
2026-03-19 17:21:23,Sensor2,23.50,22.10,12,400,6,9,11
2026-03-19 17:21:24,Sensor2,23.40,22.10,4,400,6,9,11
2026-03-19 17:21:25,Sensor2,23.40,22.10,6,400,5,7,11
2026-03-19 17:21:26,Sensor2,23.50,22.10,0,400,5,7,11
2026-03-19 17:21:27,Sensor2,23.50,22.10,8,400,5,7,10
2026-03-19 17:21:29,Sensor2,23.40,22.10,4,400,5,6,10
2026-03-19 17:21:30,Sensor2,23.40,22.10,6,400,5,7,10
2026-03-19 17:21:31,Sensor2,23.50,22.00,6,400,5,7,10
2026-03-19 17:21:32,Sensor2,23.50,22.00,8,400,4,6,9
2026-03-19 17:21:33,Sensor2,23.50,22.10,2,400,4,6,9
2026-03-19 17:21:34,Sensor2,23.50,22.10,6,400,4,5,7
2026-03-19 17:21:34,Sensor2,23.50,22.10,3,400,4,5,7
2026-03-19 17:21:35,Sensor2,23.50,22.10,2,400,4,5,9
2026-03-19 17:21:36,Sensor2,23.40,22.10,5,400,4,5,9
2026-03-19 17:21:37,Sensor2,23.40,22.10,1,400,4,5,6
2026-03-19 17:21:38,Sensor2,23.50,22.00,5,400,4,5,6
2026-03-19 17:21:39,Sensor2,23.50,22.00,9,400,4,5,6
2026-03-19 17:21:40,Sensor2,23.50,22.00,1,400,4,5,6
2026-03-19 17:21:41,Sensor2,23.50,22.00,11,400,3,4,4
2026-03-19 17:21:42,Sensor2,23.50,22.00,6,400,3,4,4
2026-03-19 17:21:43,Sensor2,23.50,22.00,7,400,3,4,4
2026-03-19 17:21:46,Sensor2,23.40,22.00,8,400,4,4,4
2026-03-19 17:21:46,Sensor2,23.40,22.00,14,400,4,4,5
2026-03-19 17:21:47,Sensor2,23.50,22.00,15,400,4,4,5
2026-03-19 17:21:48,Sensor2,23.50,22.00,8,400,3,4,4
2026-03-19 17:21:49,Sensor2,23.50,22.00,11,400,3,4,4
2026-03-19 17:21:50,Sensor2,23.50,22.00,17,401,3,4,5
2026-03-19 17:21:51,Sensor2,23.50,22.00,14,400,3,4,5
2026-03-19 17:21:52,Sensor2,23.50,22.00,17,400,4,4,5
2026-03-19 17:21:53,Sensor2,23.50,22.00,23,400,4,4,5
2026-03-19 17:21:54,Sensor2,23.50,22.00,13,400,3,4,4
2026-03-19 17:21:55,Sensor2,23.40,22.00,13,400,3,4,4
2026-03-19 17:21:56,Sensor2,23.40,22.00,12,400,3,4,5
2026-03-19 17:21:57,Sensor2,23.40,22.00,13,400,3,4,5
2026-03-19 17:21:58,Sensor2,23.40,22.00,12,400,3,4,4
2026-03-19 17:21:59,Sensor2,23.40,22.00,17,400,3,4,4
2026-03-19 17:22:00,Sensor2,23.40,22.00,16,400,3,3,4
2026-03-19 17:22:01,Sensor2,23.40,22.00,16,400,3,3,4
2026-03-19 17:22:02,Sensor2,23.40,22.00,14,400,3,3,4
2026-03-19 17:22:03,Sensor2,23.50,22.00,7,400,3,3,4
2026-03-19 17:22:03,Sensor2,23.50,22.00,11,400,3,4,4
2026-03-19 17:22:04,Sensor2,23.40,22.00,8,400,3,4,4
2026-03-19 17:22:05,Sensor2,23.40,22.00,13,400,3,4,4
2026-03-19 17:22:06,Sensor2,23.40,22.00,11,400,3,4,4
2026-03-19 17:22:07,Sensor2,23.40,22.00,7,400,3,4,5
2026-03-19 17:22:08,Sensor2,23.40,22.00,14,400,3,4,5
2026-03-19 17:22:09,Sensor2,23.40,22.00,13,400,3,4,4
2026-03-19 17:22:10,Sensor2,23.40,22.00,9,400,3,4,4
2026-03-19 17:22:11,Sensor2,23.40,22.00,14,400,3,4,4
2026-03-19 17:22:12,Sensor2,23.40,22.00,13,400,3,4,4
2026-03-19 17:22:14,Sensor2,23.40,22.00,10,400,3,4,4
2026-03-19 17:22:15,Sensor2,23.50,22.00,1,400,3,4,4
2026-03-19 17:22:16,Sensor2,23.50,22.00,2,400,3,4,4
2026-03-19 17:22:17,Sensor2,23.40,22.00,5,400,3,4,4
2026-03-19 17:22:18,Sensor2,23.40,22.00,12,405,3,4,4
2026-03-19 17:22:18,Sensor2,23.40,22.00,7,400,3,4,4
2026-03-19 17:22:19,Sensor2,23.40,22.00,11,400,3,4,4
2026-03-19 17:22:20,Sensor2,23.40,22.00,6,400,3,4,4
2026-03-19 17:22:21,Sensor2,23.40,22.00,7,400,3,3,3
2026-03-19 17:22:22,Sensor2,23.40,22.00,11,400,3,3,3
2026-03-19 17:22:23,Sensor2,23.40,22.00,4,400,3,3,3
2026-03-19 17:22:24,Sensor2,23.50,22.00,6,400,3,3,3
2026-03-19 17:22:25,Sensor2,23.50,22.00,1,400,3,3,3
2026-03-19 17:22:26,Sensor2,23.40,22.00,13,410,3,3,3
2026-03-19 17:22:27,Sensor2,23.40,22.00,2,400,2,2,2
2026-03-19 17:22:29,Sensor2,23.40,22.10,8,407,3,3,3
2026-03-19 17:22:30,Sensor2,23.40,22.10,10,409,3,3,3
2026-03-19 17:22:31,Sensor2,23.50,22.10,7,407,3,3,3
2026-03-19 17:22:32,Sensor2,23.50,22.10,6,405,3,3,3
2026-03-19 17:22:33,Sensor2,23.40,22.20,7,400,3,3,3
2026-03-19 17:22:33,Sensor2,23.40,22.20,15,412,3,3,3
2026-03-19 17:22:34,Sensor2,23.50,22.20,11,411,3,3,3
2026-03-19 17:22:35,Sensor2,23.50,22.20,10,406,3,3,3
2026-03-19 17:22:36,Sensor2,23.50,22.20,13,403,3,3,3
2026-03-19 17:22:37,Sensor2,23.50,22.20,14,402,3,3,3
2026-03-19 17:22:38,Sensor2,23.40,22.20,14,400,3,3,3
2026-03-19 17:22:39,Sensor2,23.40,22.20,21,414,4,4,5
2026-03-19 17:22:40,Sensor2,23.40,22.30,13,407,4,4,5
2026-03-19 17:22:41,Sensor2,23.40,22.30,18,402,4,4,5
2026-03-19 17:22:42,Sensor2,23.50,22.30,14,407,4,4,5
2026-03-19 17:22:44,Sensor2,23.50,22.30,17,407,4,4,5
2026-03-19 17:22:45,Sensor2,23.50,22.30,19,406,4,4,5
2026-03-19 17:22:46,Sensor2,23.50,22.30,12,400,3,3,4
2026-03-19 17:22:47,Sensor2,23.50,22.30,14,400,3,3,4
2026-03-19 17:22:48,Sensor2,23.50,22.30,13,400,3,3,4
2026-03-19 17:22:48,Sensor2,23.50,22.30,12,400,3,3,4
2026-03-19 17:22:49,Sensor2,23.50,22.30,7,400,3,3,4
2026-03-19 17:22:50,Sensor2,23.40,22.20,10,400,3,3,4
2026-03-19 17:22:51,Sensor2,23.40,22.20,10,400,3,3,4
2026-03-19 17:22:52,Sensor2,23.50,22.30,12,400,3,3,4
2026-03-19 17:22:53,Sensor2,23.50,22.30,11,400,3,3,5
2026-03-19 17:22:54,Sensor2,23.50,22.20,2,400,3,3,5
2026-03-19 17:22:55,Sensor2,23.50,22.20,9,400,3,3,5
2026-03-19 17:22:56,Sensor2,23.50,22.20,8,400,3,3,5
2026-03-19 17:22:57,Sensor2,23.50,22.20,16,403,3,3,5
2026-03-19 17:22:59,Sensor2,23.50,22.20,12,402,3,4,5
2026-03-19 17:23:00,Sensor2,23.50,22.20,12,406,3,3,4
2026-03-19 17:23:01,Sensor2,23.50,22.20,12,403,3,3,4
2026-03-19 17:23:02,Sensor2,23.50,22.20,16,407,3,4,5
2026-03-19 17:23:02,Sensor2,23.50,22.30,11,400,3,4,5
2026-03-19 17:23:03,Sensor2,23.50,22.30,8,404,3,5,7
2026-03-19 17:23:04,Sensor2,23.50,22.20,19,413,3,5,7
2026-03-19 17:23:05,Sensor2,23.50,22.20,12,407,4,5,7
2026-03-19 17:23:06,Sensor2,23.50,22.20,21,410,4,5,7
2026-03-19 17:23:07,Sensor2,23.50,22.20,20,414,4,5,7
2026-03-19 17:23:08,Sensor2,23.50,22.20,23,403,4,5,7
2026-03-19 17:23:09,Sensor2,23.50,22.20,14,412,4,5,7
2026-03-19 17:23:10,Sensor2,23.50,22.30,10,415,4,5,7
2026-03-19 17:23:11,Sensor2,23.50,22.30,19,400,4,5,6
2026-03-19 17:23:13,Sensor2,23.50,22.30,22,400,4,5,7
2026-03-19 17:23:14,Sensor2,23.50,22.30,17,400,4,5,6
2026-03-19 17:23:15,Sensor2,23.50,22.30,16,400,4,5,6
2026-03-19 17:23:16,Sensor2,23.50,22.30,9,400,3,4,6
2026-03-19 17:23:17,Sensor2,23.40,22.30,18,405,3,4,6
2026-03-19 17:23:17,Sensor2,23.40,22.30,12,400,4,5,7
2026-03-19 17:23:18,Sensor2,23.50,22.30,17,400,4,5,7
2026-03-19 17:23:19,Sensor2,23.50,22.30,12,400,4,5,7
2026-03-19 17:23:20,Sensor2,23.50,22.30,20,403,4,5,7
2026-03-19 17:23:21,Sensor2,23.50,22.30,21,405,4,4,5
2026-03-19 17:23:22,Sensor2,23.50,22.20,20,408,4,4,5
2026-03-19 17:23:23,Sensor2,23.50,22.20,18,410,4,4,5
2026-03-19 17:23:24,Sensor2,23.50,22.20,21,411,4,4,5
2026-03-19 17:23:25,Sensor2,23.50,22.20,23,406,3,4,5
2026-03-19 17:23:26,Sensor2,23.50,22.20,24,404,3,4,5
2026-03-19 17:23:28,Sensor2,23.50,22.20,25,403,3,3,5
2026-03-19 17:23:29,Sensor2,23.50,22.20,24,412,3,3,5
2026-03-19 17:23:30,Sensor2,23.50,22.20,27,412,3,3,4
2026-03-19 17:23:31,Sensor2,23.50,22.20,26,404,3,3,4
2026-03-19 17:23:32,Sensor2,23.50,22.20,26,412,2,3,4
2026-03-19 17:23:32,Sensor2,23.50,22.20,25,413,2,3,4
2026-03-19 17:23:33,Sensor2,23.50,22.20,25,408,2,3,4
2026-03-19 17:23:34,Sensor2,23.50,22.20,23,400,2,3,4
2026-03-19 17:23:35,Sensor2,23.50,22.20,18,400,2,2,4
2026-03-19 17:23:36,Sensor2,23.50,22.20,19,404,2,2,4
2026-03-19 17:23:37,Sensor2,23.50,22.20,18,400,2,2,4
2026-03-19 17:23:38,Sensor2,23.50,22.20,11,400,2,2,4
2026-03-19 17:23:39,Sensor2,23.50,22.20,20,400,3,3,4
2026-03-19 17:23:40,Sensor2,23.50,22.20,17,400,3,3,4
2026-03-19 17:23:41,Sensor2,23.50,22.20,21,400,3,3,3
2026-03-19 17:23:43,Sensor2,23.50,22.20,17,400,3,3,4
2026-03-19 17:23:44,Sensor2,23.50,22.20,16,404,3,3,4
2026-03-19 17:23:45,Sensor2,23.50,22.20,13,400,3,3,4
2026-03-19 17:23:46,Sensor2,23.50,22.20,10,400,4,4,4
2026-03-19 17:23:47,Sensor2,23.50,22.20,7,400,4,4,4
2026-03-19 17:23:47,Sensor2,23.50,22.20,14,400,4,4,5
2026-03-19 17:23:48,Sensor2,23.50,22.20,14,400,4,4,5
2026-03-19 17:23:49,Sensor2,23.50,22.20,15,400,4,4,4
2026-03-19 17:23:50,Sensor2,23.50,22.20,9,400,4,4,4
2026-03-19 17:23:51,Sensor2,23.50,22.20,20,400,4,4,4
2026-03-19 17:23:52,Sensor2,23.50,22.20,21,400,4,4,4
2026-03-19 17:23:53,Sensor2,23.50,22.20,14,400,4,4,4
2026-03-19 17:23:54,Sensor2,23.50,22.20,10,400,4,4,4
2026-03-19 17:23:55,Sensor2,23.50,22.20,9,402,3,3,3
2026-03-19 17:23:57,Sensor2,23.50,22.20,22,404,2,2,2
2026-03-19 17:23:58,Sensor2,23.50,22.20,17,405,3,3,3
2026-03-19 17:23:59,Sensor2,23.50,22.20,27,414,3,3,3
2026-03-19 17:24:00,Sensor2,23.50,22.20,18,404,2,2,2
2026-03-19 17:24:01,Sensor2,23.50,22.20,21,415,2,2,2
2026-03-19 17:24:02,Sensor2,23.50,22.20,21,415,2,2,2
2026-03-19 17:24:02,Sensor2,23.50,22.30,19,406,2,2,2
2026-03-19 17:24:03,Sensor2,23.50,22.30,17,404,2,2,2
2026-03-19 17:24:04,Sensor2,23.50,22.30,25,425,2,2,2
2026-03-19 17:24:05,Sensor2,23.50,22.30,25,411,1,1,1
2026-03-19 17:24:06,Sensor2,23.50,22.30,16,404,1,1,1
2026-03-19 17:24:07,Sensor2,23.50,22.30,22,412,1,1,1
2026-03-19 17:24:08,Sensor2,23.50,22.30,15,413,1,1,1
2026-03-19 17:24:09,Sensor2,23.50,22.30,22,408,2,2,2
2026-03-19 17:24:10,Sensor2,23.50,22.30,23,400,2,2,2
2026-03-19 17:24:11,Sensor2,23.50,22.30,14,400,2,2,2
2026-03-19 17:24:13,Sensor2,23.50,22.30,21,410,2,2,2
2026-03-19 17:24:14,Sensor2,23.50,22.30,21,406,2,2,2
2026-03-19 17:24:15,Sensor2,23.50,22.30,19,405,2,2,2
2026-03-19 17:24:16,Sensor2,23.50,22.30,19,400,2,2,2
2026-03-19 17:24:17,Sensor2,23.50,22.30,19,412,2,2,2
2026-03-19 17:24:17,Sensor2,23.50,22.30,23,414,2,3,3
2026-03-19 17:24:18,Sensor2,23.50,22.30,21,403,2,3,3
2026-03-19 17:24:19,Sensor2,23.50,22.30,23,412,2,2,2
2026-03-19 17:24:20,Sensor2,23.50,22.30,27,416,2,2,2
2026-03-19 17:24:21,Sensor2,23.50,22.30,25,412,2,2,3
2026-03-19 17:24:22,Sensor2,23.50,22.30,24,420,2,2,3
2026-03-19 17:24:23,Sensor2,23.50,22.30,28,424,2,2,3
2026-03-19 17:24:24,Sensor2,23.50,22.30,28,419,2,2,3
2026-03-19 17:24:25,Sensor2,23.50,22.30,28,422,2,2,3
2026-03-19 17:24:27,Sensor2,23.50,22.30,22,415,2,2,3
2026-03-19 17:24:28,Sensor2,23.50,22.30,24,412,2,2,3
2026-03-19 17:24:29,Sensor2,23.50,22.40,29,423,2,2,3
2026-03-19 17:24:30,Sensor2,23.50,22.40,31,416,3,3,4
2026-03-19 17:24:31,Sensor2,23.50,22.30,28,400,3,3,4
2026-03-19 17:24:32,Sensor2,23.50,22.30,27,400,3,3,5
2026-03-19 17:24:32,Sensor2,23.50,22.30,28,408,3,3,5
2026-03-19 17:24:33,Sensor2,23.50,22.30,22,405,3,3,5
2026-03-19 17:24:34,Sensor2,23.50,22.30,15,400,3,3,5
2026-03-19 17:24:35,Sensor2,23.50,22.30,24,400,3,3,4
2026-03-19 17:24:36,Sensor2,23.50,22.30,27,408,3,3,4
2026-03-19 17:24:37,Sensor2,23.50,22.30,25,400,3,3,4
2026-03-19 17:24:38,Sensor2,23.50,22.30,21,400,3,3,4
2026-03-19 17:24:39,Sensor2,23.50,22.30,25,403,3,3,4
2026-03-19 17:24:40,Sensor2,23.50,22.30,14,400,3,3,4
2026-03-19 17:24:42,Sensor2,23.50,22.30,20,400,4,4,4
2026-03-19 17:24:43,Sensor2,23.50,22.30,18,409,4,4,4
2026-03-19 17:24:44,Sensor2,23.50,22.30,24,400,4,4,4
2026-03-19 17:24:45,Sensor2,23.50,22.20,23,416,4,4,4
2026-03-19 17:24:46,Sensor2,23.50,22.20,23,426,3,3,4
2026-03-19 17:24:46,Sensor2,23.50,22.30,18,419,3,3,4
2026-03-19 17:24:47,Sensor2,23.50,22.30,31,431,3,3,3
2026-03-19 17:24:48,Sensor2,23.50,22.30,30,422,3,3,3
2026-03-19 17:24:49,Sensor2,23.50,22.30,28,432,3,3,3
2026-03-19 17:24:50,Sensor2,23.50,22.30,18,419,3,3,3
2026-03-19 17:24:51,Sensor2,23.50,22.30,22,425,3,4,4
2026-03-19 17:24:52,Sensor2,23.50,22.30,27,435,3,4,4
2026-03-19 17:24:53,Sensor2,23.50,22.30,26,433,3,4,4
2026-03-19 17:24:54,Sensor2,23.50,22.30,25,424,3,4,4
2026-03-19 17:24:55,Sensor2,23.50,22.30,26,424,4,4,4
2026-03-19 17:24:57,Sensor2,23.50,22.30,23,423,4,5,5
2026-03-19 17:24:58,Sensor2,23.50,22.30,22,416,3,4,4
2026-03-19 17:25:01,Sensor2,23.50,22.30,18,412,3,4,4
2026-03-19 17:25:01,Sensor2,23.50,22.30,19,412,3,4,4
2026-03-19 17:25:01,Sensor2,23.50,22.30,13,404,3,4,4
2026-03-19 17:25:01,Sensor2,23.50,22.30,20,407,3,4,4
2026-03-19 17:25:02,Sensor2,23.50,22.30,13,410,3,4,4
2026-03-19 17:25:03,Sensor2,23.50,22.30,13,403,3,4,4
2026-03-19 17:25:04,Sensor2,23.50,22.30,11,405,3,4,4
2026-03-19 17:25:05,Sensor2,23.50,22.30,19,407,3,4,4
2026-03-19 17:25:06,Sensor2,23.50,22.30,11,407,3,4,4
2026-03-19 17:25:07,Sensor2,23.50,22.30,12,400,3,3,3
2026-03-19 17:25:08,Sensor2,23.50,22.30,5,400,3,3,3
2026-03-19 17:25:09,Sensor2,23.50,22.30,5,400,2,3,3
2026-03-19 17:25:11,Sensor2,23.50,22.30,7,400,2,2,2
2026-03-19 17:25:12,Sensor2,23.50,22.30,10,400,2,2,2
2026-03-19 17:25:13,Sensor2,23.50,22.30,4,400,2,2,2
2026-03-19 17:25:14,Sensor2,23.50,22.30,0,400,2,2,2
2026-03-19 17:25:15,Sensor2,23.50,22.30,2,400,2,2,2
2026-03-19 17:25:16,Sensor2,23.50,22.30,4,400,3,3,3
2026-03-19 17:25:16,Sensor2,23.50,22.30,2,400,3,3,3
2026-03-19 17:25:17,Sensor2,23.50,22.30,0,400,3,3,3
2026-03-19 17:25:18,Sensor2,23.50,22.30,0,400,3,3,3
2026-03-19 17:25:19,Sensor2,23.50,22.30,0,400,3,4,4
2026-03-19 17:25:20,Sensor2,23.50,22.20,1,400,3,4,4
2026-03-19 17:25:21,Sensor2,23.50,22.20,2,400,3,4,4
2026-03-19 17:25:22,Sensor2,23.50,22.30,0,400,3,4,4
2026-03-19 17:25:23,Sensor2,23.50,22.30,0,400,3,3,3
2026-03-19 17:25:24,Sensor2,23.50,22.20,0,400,3,3,3
2026-03-19 17:25:26,Sensor2,23.50,22.20,2,400,3,4,4
2026-03-19 17:25:27,Sensor2,23.50,22.20,0,400,3,4,4
2026-03-19 17:25:28,Sensor2,23.50,22.20,0,400,3,4,4
2026-03-19 17:25:29,Sensor2,23.50,22.20,0,400,3,4,4
2026-03-19 17:25:30,Sensor2,23.50,22.20,0,400,4,4,4
2026-03-19 17:25:31,Sensor2,23.50,22.20,0,400,4,4,4
2026-03-19 17:25:32,Sensor2,23.50,22.20,0,400,4,4,4
2026-03-19 17:25:33,Sensor2,23.50,22.20,0,400,4,4,4
2026-03-19 17:25:34,Sensor2,23.50,22.20,0,400,3,4,4
2026-03-19 17:25:35,Sensor2,23.50,22.20,3,400,3,4,4
2026-03-19 17:25:36,Sensor2,23.50,22.20,0,400,4,4,4
2026-03-19 17:25:37,Sensor2,23.50,22.20,4,400,4,4,4
2026-03-19 17:25:38,Sensor2,23.50,22.20,1,400,4,5,5
2026-03-19 17:25:38,Sensor2,23.50,22.20,0,400,4,5,5
2026-03-19 17:25:39,Sensor2,23.50,22.20,0,400,4,4,4
2026-03-19 17:25:41,Sensor2,23.50,22.20,0,400,4,5,5
2026-03-19 17:25:42,Sensor2,23.50,22.20,0,400,5,5,5
2026-03-19 17:25:43,Sensor2,23.60,22.20,0,400,5,5,5
2026-03-19 17:25:44,Sensor2,23.60,22.20,0,400,5,5,9
2026-03-19 17:25:45,Sensor2,23.60,22.20,0,400,5,5,9
2026-03-19 17:25:46,Sensor2,23.60,22.20,0,400,5,5,9
2026-03-19 17:25:46,Sensor2,23.50,22.10,0,400,5,5,9
2026-03-19 17:25:47,Sensor2,23.50,22.10,0,400,4,5,9
2026-03-19 17:25:48,Sensor2,23.50,22.20,0,400,4,5,9
2026-03-19 17:25:49,Sensor2,23.50,22.20,0,400,4,4,7
2026-03-19 17:25:50,Sensor2,23.50,22.20,0,400,4,4,7
2026-03-19 17:25:51,Sensor2,23.50,22.20,7,400,4,4,7
2026-03-19 17:25:52,Sensor2,23.50,22.20,0,400,4,4,7
2026-03-19 17:25:53,Sensor2,23.50,22.20,9,400,3,3,7
2026-03-19 17:25:54,Sensor2,23.60,22.20,7,400,3,3,7
2026-03-19 17:25:56,Sensor2,23.60,22.20,7,400,3,3,7
2026-03-19 17:25:57,Sensor2,23.50,22.20,6,400,3,3,7
2026-03-19 17:25:58,Sensor2,23.50,22.20,11,400,2,3,7
2026-03-19 17:25:59,Sensor2,23.50,22.20,9,400,2,3,7
2026-03-19 17:26:00,Sensor2,23.50,22.20,9,400,2,3,7
2026-03-19 17:26:01,Sensor2,23.50,22.20,6,400,2,3,7
2026-03-19 17:26:01,Sensor2,23.50,22.20,14,400,2,2,4
2026-03-19 17:26:02,Sensor2,23.50,22.20,8,400,2,2,4
2026-03-19 17:26:03,Sensor2,23.50,22.20,2,400,2,2,3
2026-03-19 17:26:04,Sensor2,23.60,22.20,5,400,2,2,3
2026-03-19 17:26:05,Sensor2,23.60,22.20,1,400,2,3,4
2026-03-19 17:26:06,Sensor2,23.50,22.20,2,400,2,3,4
2026-03-19 17:26:07,Sensor2,23.50,22.20,3,400,3,3,4
2026-03-19 17:26:08,Sensor2,23.50,22.20,1,400,3,3,4
2026-03-19 17:26:09,Sensor2,23.50,22.20,0,400,3,3,4
2026-03-19 17:26:11,Sensor2,23.50,22.20,3,400,3,4,4
2026-03-19 17:26:12,Sensor2,23.50,22.20,4,400,4,4,4
2026-03-19 17:26:13,Sensor2,23.50,22.20,1,400,4,4,4
2026-03-19 17:26:14,Sensor2,23.50,22.20,7,400,4,4,4
2026-03-19 17:26:15,Sensor2,23.60,22.20,10,400,4,4,4
2026-03-19 17:26:16,Sensor2,23.60,22.20,6,405,3,4,4
2026-03-19 17:26:16,Sensor2,23.60,22.20,3,400,3,4,4
2026-03-19 17:26:17,Sensor2,23.60,22.20,7,400,3,4,5
2026-03-19 17:26:18,Sensor2,23.60,22.30,7,400,3,4,5
2026-03-19 17:26:19,Sensor2,23.60,22.30,10,400,4,4,5
2026-03-19 17:26:20,Sensor2,23.50,22.30,9,400,4,4,5
2026-03-19 17:26:21,Sensor2,23.50,22.30,10,405,4,4,5
2026-03-19 17:26:22,Sensor2,23.60,22.30,12,408,4,4,5
2026-03-19 17:26:23,Sensor2,23.60,22.30,8,400,3,3,4
2026-03-19 17:26:25,Sensor2,23.60,22.30,8,400,3,4,5
2026-03-19 17:26:26,Sensor2,23.60,22.30,5,400,4,4,6
2026-03-19 17:26:27,Sensor2,23.60,22.30,10,400,4,4,6
2026-03-19 17:26:28,Sensor2,23.60,22.30,7,400,4,4,5
2026-03-19 17:26:29,Sensor2,23.60,22.30,11,400,4,4,5
2026-03-19 17:26:30,Sensor2,23.60,22.30,13,403,3,4,5
2026-03-19 17:26:30,Sensor2,23.50,22.30,14,400,3,4,5
2026-03-19 17:26:31,Sensor2,23.50,22.30,12,400,3,4,5
2026-03-19 17:26:32,Sensor2,23.50,22.30,11,401,3,4,5
2026-03-19 17:26:33,Sensor2,23.50,22.30,16,400,3,4,5
2026-03-19 17:26:34,Sensor2,23.60,22.30,4,400,3,4,5
2026-03-19 17:26:35,Sensor2,23.60,22.30,13,403,3,4,4
2026-03-19 17:26:36,Sensor2,23.60,22.30,3,400,3,4,4
2026-03-19 17:26:37,Sensor2,23.60,22.30,0,400,3,4,4
2026-03-19 17:26:38,Sensor2,23.60,22.30,2,400,3,4,4
2026-03-19 17:26:40,Sensor2,23.60,22.30,3,400,4,5,5
2026-03-19 17:26:41,Sensor2,23.60,22.30,9,400,4,5,5
2026-03-19 17:26:42,Sensor2,23.60,22.30,3,400,4,4,4
2026-03-19 17:26:43,Sensor2,23.60,22.30,9,400,4,4,4
2026-03-19 17:26:44,Sensor2,23.60,22.30,0,400,4,4,4
2026-03-19 17:26:45,Sensor2,23.60,22.30,5,400,4,4,4
2026-03-19 17:26:46,Sensor2,23.60,22.30,5,400,3,4,4
2026-03-19 17:26:47,Sensor2,23.60,22.30,2,400,3,4,4
2026-03-19 17:26:48,Sensor2,23.60,22.30,9,400,3,4,4
2026-03-19 17:26:49,Sensor2,23.60,22.20,0,400,3,4,4
2026-03-19 17:26:50,Sensor2,23.60,22.20,0,400,3,4,4
2026-03-19 17:26:51,Sensor2,23.60,22.20,1,400,3,4,4
2026-03-19 17:26:51,Sensor2,23.60,22.20,0,400,4,4,4
2026-03-19 17:26:52,Sensor2,23.60,22.20,0,400,4,4,4
2026-03-19 17:26:53,Sensor2,23.60,22.20,2,400,3,4,4
2026-03-19 17:26:55,Sensor2,23.60,22.20,0,400,3,3,3
2026-03-19 17:26:56,Sensor2,23.60,22.20,0,400,3,3,3
2026-03-19 17:26:57,Sensor2,23.60,22.20,0,400,3,3,3
2026-03-19 17:26:58,Sensor2,23.60,22.20,0,400,4,4,4
2026-03-19 17:26:59,Sensor2,23.60,22.20,15,400,4,4,4
2026-03-19 17:27:00,Sensor2,23.60,22.20,9,400,4,4,4
2026-03-19 17:27:01,Sensor2,23.60,22.20,14,400,4,4,4
2026-03-19 17:27:02,Sensor2,23.60,22.20,14,400,3,4,4
2026-03-19 17:27:03,Sensor2,23.60,22.20,13,400,3,4,4
2026-03-19 17:27:04,Sensor2,23.60,22.20,14,400,4,4,4
2026-03-19 17:27:05,Sensor2,23.60,22.20,17,403,4,4,4
2026-03-19 17:27:05,Sensor2,23.60,22.20,17,400,4,4,4
2026-03-19 17:27:06,Sensor2,23.60,22.20,11,400,4,4,4
2026-03-19 17:27:07,Sensor2,23.60,22.20,21,400,4,4,4
2026-03-19 17:27:08,Sensor2,23.60,22.20,19,400,4,4,4
2026-03-19 17:27:10,Sensor2,23.60,22.20,18,400,5,5,5
2026-03-19 17:27:11,Sensor2,23.60,22.20,24,400,5,5,5
2026-03-19 17:27:12,Sensor2,23.60,22.20,14,400,5,5,5
2026-03-19 17:27:13,Sensor2,23.60,22.20,13,400,5,5,5
2026-03-19 17:27:14,Sensor2,23.60,22.20,21,400,5,5,5
2026-03-19 17:27:15,Sensor2,23.60,22.20,16,400,5,5,5
2026-03-19 17:27:16,Sensor2,23.60,22.20,17,400,5,5,5
2026-03-19 17:27:16,Sensor2,23.60,22.20,15,400,5,5,5
2026-03-19 17:27:17,Sensor2,23.60,22.20,15,400,5,5,5
2026-03-19 17:27:18,Sensor2,23.60,22.10,11,402,5,5,5
2026-03-19 17:27:19,Sensor2,23.60,22.10,13,400,5,5,5
2026-03-19 17:27:20,Sensor2,23.60,22.20,21,403,5,5,5
2026-03-19 17:27:21,Sensor2,23.60,22.20,16,400,5,5,5
2026-03-19 17:27:23,Sensor2,23.60,22.10,15,400,5,5,5
2026-03-19 17:27:23,Sensor2,23.60,22.10,12,400,5,5,5
2026-03-19 17:27:25,Sensor2,23.60,22.10,19,400,5,5,6
2026-03-19 17:27:26,Sensor2,23.60,22.10,17,400,5,5,7
2026-03-19 17:27:27,Sensor2,23.60,22.20,12,400,5,5,7
2026-03-19 17:27:28,Sensor2,23.60,22.20,12,400,5,5,7
2026-03-19 17:27:29,Sensor2,23.60,22.20,6,400,5,5,7
2026-03-19 17:27:30,Sensor2,23.60,22.20,9,400,5,5,6
2026-03-19 17:27:31,Sensor2,23.60,22.20,7,400,5,5,6
2026-03-19 17:27:32,Sensor2,23.60,22.20,9,400,6,6,7
2026-03-19 17:27:33,Sensor2,23.60,22.20,12,400,6,6,7
2026-03-19 17:27:34,Sensor2,23.60,22.20,5,400,5,5,6
2026-03-19 17:27:35,Sensor2,23.60,22.20,8,400,5,5,6
2026-03-19 17:27:36,Sensor2,23.60,22.20,15,400,5,6,9
2026-03-19 17:27:37,Sensor2,23.60,22.20,9,400,5,6,9
2026-03-19 17:27:38,Sensor2,23.60,22.20,18,400,5,6,9
2026-03-19 17:27:39,Sensor2,23.60,22.20,18,407,5,6,9
2026-03-19 17:27:40,Sensor2,23.60,22.20,17,404,6,6,10
2026-03-19 17:27:41,Sensor2,23.60,22.20,16,402,6,6,10
2026-03-19 17:27:42,Sensor2,23.60,22.20,18,406,5,6,7
2026-03-19 17:27:43,Sensor2,23.60,22.30,22,418,5,6,7
2026-03-19 17:27:44,Sensor2,23.60,22.30,21,412,5,6,7
2026-03-19 17:27:46,Sensor2,23.60,22.20,18,417,5,6,7
2026-03-19 17:27:46,Sensor2,23.60,22.20,16,406,6,6,9
2026-03-19 17:27:47,Sensor2,23.60,22.30,20,411,6,6,9
2026-03-19 17:27:48,Sensor2,23.60,22.30,15,405,6,6,9
2026-03-19 17:27:49,Sensor2,23.60,22.30,21,413,6,6,7
2026-03-19 17:27:50,Sensor2,23.60,22.30,20,407,6,6,7
2026-03-19 17:27:51,Sensor2,23.60,22.30,19,404,6,6,10
2026-03-19 17:27:52,Sensor2,23.60,22.30,22,413,6,6,10
2026-03-19 17:27:53,Sensor2,23.60,22.20,18,404,6,6,9
2026-03-19 17:27:54,Sensor2,23.60,22.20,21,414,6,6,9
2026-03-19 17:27:55,Sensor2,23.60,22.30,30,410,6,6,9
2026-03-19 17:27:56,Sensor2,23.60,22.30,23,407,6,6,9
2026-03-19 17:27:57,Sensor2,23.60,22.20,24,414,6,6,7
2026-03-19 17:27:58,Sensor2,23.60,22.20,25,403,6,6,7
2026-03-19 17:27:59,Sensor2,23.60,22.20,19,408,5,5,7
2026-03-19 17:28:00,Sensor2,23.60,22.20,26,404,5,5,7
2026-03-19 17:28:01,Sensor2,23.60,22.20,28,407,5,5,7
2026-03-19 17:28:02,Sensor2,23.60,22.20,25,405,5,5,7
2026-03-19 17:28:03,Sensor2,23.60,22.20,25,407,5,5,6
2026-03-19 17:28:04,Sensor2,23.60,22.20,28,403,5,5,6
2026-03-19 17:28:05,Sensor2,23.60,22.20,24,402,5,5,7
2026-03-19 17:28:06,Sensor2,23.60,22.20,30,409,5,5,7
2026-03-19 17:28:07,Sensor2,23.60,22.20,29,403,5,5,7
2026-03-19 17:28:08,Sensor2,23.60,22.20,26,400,5,5,7
2026-03-19 17:28:09,Sensor2,23.60,22.20,21,400,5,5,5
2026-03-19 17:28:10,Sensor2,23.60,22.20,20,403,5,5,5
2026-03-19 17:28:11,Sensor2,23.60,22.20,20,400,5,5,5
2026-03-19 17:28:12,Sensor2,23.60,22.20,19,400,5,5,5
2026-03-19 17:28:13,Sensor2,23.60,22.20,17,400,5,5,5
2026-03-19 17:28:14,Sensor2,23.60,22.20,13,400,5,5,5
2026-03-19 17:28:15,Sensor2,23.60,22.20,6,400,5,6,6
2026-03-19 17:28:16,Sensor2,23.60,22.20,7,400,5,6,6
2026-03-19 17:28:17,Sensor2,23.60,22.20,6,400,5,6,10
2026-03-19 17:28:18,Sensor2,23.60,22.20,11,400,5,6,10
2026-03-19 17:28:19,Sensor2,23.60,22.20,3,400,5,6,10
2026-03-19 17:28:20,Sensor2,23.60,22.20,4,400,5,6,10
2026-03-19 17:28:21,Sensor2,23.60,22.20,6,400,5,6,11
2026-03-19 17:28:22,Sensor2,23.60,22.20,9,400,5,6,11
2026-03-19 17:28:23,Sensor2,23.60,22.20,7,400,5,6,11
2026-03-19 17:28:24,Sensor2,23.60,22.20,13,400,5,6,11
2026-03-19 17:28:25,Sensor2,23.60,22.20,16,400,5,6,11
2026-03-19 17:28:26,Sensor2,23.60,22.20,13,400,5,6,11
2026-03-19 17:28:27,Sensor2,23.60,22.20,12,400,4,6,11
2026-03-19 17:28:28,Sensor2,23.60,22.20,12,400,4,6,11
2026-03-19 17:28:30,Sensor2,23.60,22.20,10,400,4,5,10
2026-03-19 17:28:30,Sensor2,23.60,22.20,11,400,4,5,10
2026-03-19 17:28:31,Sensor2,23.60,22.20,11,400,4,6,11
2026-03-19 17:28:32,Sensor2,23.60,22.20,16,400,4,6,11
2026-03-19 17:28:33,Sensor2,23.60,22.20,12,400,4,5,10
2026-03-19 17:28:34,Sensor2,23.60,22.20,17,400,4,5,10
2026-03-19 17:28:35,Sensor2,23.60,22.20,12,400,4,6,7
2026-03-19 17:28:36,Sensor2,23.60,22.20,10,400,4,6,7
2026-03-19 17:28:37,Sensor2,23.60,22.20,16,400,4,5,7
2026-03-19 17:28:38,Sensor2,23.60,22.20,20,402,4,5,7
2026-03-19 17:28:39,Sensor2,23.60,22.20,12,400,5,5,6
2026-03-19 17:28:40,Sensor2,23.60,22.20,16,400,5,5,6
2026-03-19 17:28:41,Sensor2,23.60,22.20,20,408,4,4,6
2026-03-19 17:28:42,Sensor2,23.60,22.20,11,400,4,4,6
2026-03-19 17:28:43,Sensor2,23.60,22.20,22,400,4,4,6
2026-03-19 17:28:44,Sensor2,23.60,22.20,15,400,4,5,6
2026-03-19 17:28:45,Sensor2,23.60,22.20,18,400,4,5,6
2026-03-19 17:28:46,Sensor2,23.60,22.20,6,400,4,5,6
2026-03-19 17:28:47,Sensor2,23.60,22.20,11,400,4,4,6
2026-03-19 17:28:48,Sensor2,23.60,22.20,10,400,4,4,6
2026-03-19 17:28:49,Sensor2,23.60,22.20,11,400,4,4,6
2026-03-19 17:28:50,Sensor2,23.60,22.20,6,400,4,4,6
2026-03-19 17:28:51,Sensor2,23.60,22.10,10,400,4,4,7
2026-03-19 17:28:52,Sensor2,23.60,22.10,10,400,4,4,7
2026-03-19 17:28:53,Sensor2,23.60,22.10,9,400,4,4,5
2026-03-19 17:28:54,Sensor2,23.60,22.10,8,400,4,4,5
2026-03-19 17:28:55,Sensor2,23.60,22.10,11,400,4,4,5
2026-03-19 17:28:56,Sensor2,23.60,22.10,13,400,4,4,5
2026-03-19 17:28:57,Sensor2,23.60,22.10,8,400,4,4,5
2026-03-19 17:28:58,Sensor2,23.60,22.10,7,400,4,4,5
2026-03-19 17:28:59,Sensor2,23.60,22.10,8,400,4,4,6
2026-03-19 17:29:00,Sensor2,23.60,22.10,12,400,4,4,6
2026-03-19 17:29:01,Sensor2,23.60,22.10,7,400,4,4,7
2026-03-19 17:29:02,Sensor2,23.60,22.10,7,400,4,4,7
2026-03-19 17:29:03,Sensor2,23.60,22.10,0,400,4,5,9
2026-03-19 17:29:04,Sensor2,23.60,22.10,0,400,4,5,9
2026-03-19 17:29:05,Sensor2,23.60,22.10,0,400,5,5,9
2026-03-19 17:29:06,Sensor2,23.60,22.10,0,400,5,5,9
2026-03-19 17:29:07,Sensor2,23.60,22.10,0,400,5,6,9
2026-03-19 17:29:08,Sensor2,23.60,22.10,0,400,5,6,9
2026-03-19 17:29:09,Sensor2,23.60,22.10,0,400,5,6,9
2026-03-19 17:29:10,Sensor2,23.60,22.10,0,400,5,6,9
2026-03-19 17:29:11,Sensor2,23.60,22.00,0,400,5,6,9
2026-03-19 17:29:12,Sensor2,23.60,22.00,5,400,5,6,9
2026-03-19 17:29:13,Sensor2,23.60,22.00,1,400,5,6,9
2026-03-19 17:29:14,Sensor2,23.60,22.00,4,400,5,6,7
2026-03-19 17:29:15,Sensor2,23.60,22.00,3,400,4,5,7
2026-03-19 17:29:16,Sensor2,23.60,22.00,5,400,4,5,7
2026-03-19 17:29:17,Sensor2,23.60,22.00,2,400,4,5,7
2026-03-19 17:29:18,Sensor2,23.60,22.00,6,400,4,5,7
2026-03-19 17:29:19,Sensor2,23.60,22.00,0,400,4,5,5
2026-03-19 17:29:20,Sensor2,23.60,22.00,6,400,4,5,5
2026-03-19 17:29:21,Sensor2,23.60,22.00,6,400,4,4,4
2026-03-19 17:29:22,Sensor2,23.60,22.00,5,400,4,4,4
2026-03-19 17:29:23,Sensor2,23.60,22.00,6,400,3,4,4
2026-03-19 17:29:24,Sensor2,23.60,22.00,3,400,3,4,4
2026-03-19 17:29:25,Sensor2,23.60,22.00,5,400,3,3,3
2026-03-19 17:29:26,Sensor2,23.60,22.00,8,400,3,3,3
2026-03-19 17:29:27,Sensor2,23.60,22.00,9,400,3,3,3
2026-03-19 17:29:29,Sensor2,23.60,22.00,5,400,4,4,4
2026-03-19 17:29:29,Sensor2,23.60,22.00,5,400,4,4,4
2026-03-19 17:29:30,Sensor2,23.60,22.00,6,400,4,4,4
2026-03-19 17:29:31,Sensor2,23.60,22.00,10,400,4,4,5
2026-03-19 17:29:32,Sensor2,23.60,22.00,8,400,4,4,5
2026-03-19 17:29:33,Sensor2,23.60,22.00,9,400,4,5,5
2026-03-19 17:29:34,Sensor2,23.60,22.00,4,400,4,5,5
2026-03-19 17:29:35,Sensor2,23.60,22.00,15,400,4,5,6
2026-03-19 17:29:36,Sensor2,23.60,22.00,8,400,4,5,6
2026-03-19 17:29:37,Sensor2,23.60,22.00,15,400,4,5,6
2026-03-19 17:29:38,Sensor2,23.60,22.00,8,400,4,5,6
2026-03-19 17:29:39,Sensor2,23.60,22.00,6,400,4,5,6
2026-03-19 17:29:40,Sensor2,23.60,22.00,8,400,4,5,6
2026-03-19 17:29:41,Sensor2,23.60,22.00,5,400,4,5,6
2026-03-19 17:29:42,Sensor2,23.60,22.00,9,400,4,5,6
2026-03-19 17:29:44,Sensor2,23.60,21.90,3,400,5,5,6
2026-03-19 17:29:44,Sensor2,23.60,21.90,5,400,5,5,6
2026-03-19 17:29:45,Sensor2,23.60,22.00,6,400,4,5,5
2026-03-19 17:29:46,Sensor2,23.60,22.00,0,400,4,5,5
2026-03-19 17:29:47,Sensor2,23.60,22.00,2,400,4,4,5
2026-03-19 17:29:48,Sensor2,23.60,22.00,2,400,4,4,5
2026-03-19 17:29:49,Sensor2,23.60,22.00,0,400,4,4,4
2026-03-19 17:29:50,Sensor2,23.60,22.00,2,400,4,4,4
2026-03-19 17:29:51,Sensor2,23.60,22.00,5,400,4,5,5
2026-03-19 17:29:52,Sensor2,23.60,22.00,2,400,4,5,5
2026-03-19 17:29:53,Sensor2,23.60,22.00,0,400,4,4,4
2026-03-19 17:29:54,Sensor2,23.60,22.00,0,400,4,4,4
2026-03-19 17:29:55,Sensor2,23.60,21.90,0,400,4,4,4
2026-03-19 17:29:56,Sensor2,23.60,21.90,0,400,4,4,4
2026-03-19 17:29:57,Sensor2,23.60,21.90,0,400,4,5,6
2026-03-19 17:29:58,Sensor2,23.60,21.90,0,400,4,5,7
2026-03-19 17:29:59,Sensor2,23.60,21.90,0,400,4,6,7
2026-03-19 17:30:00,Sensor2,23.60,21.90,1,400,4,6,7
2026-03-19 17:30:01,Sensor2,23.60,21.90,4,400,4,5,7
2026-03-19 17:30:02,Sensor2,23.60,21.90,0,400,4,5,7
2026-03-19 17:30:03,Sensor2,23.60,21.90,0,400,4,6,7
2026-03-19 17:30:04,Sensor2,23.60,21.90,5,400,4,6,7
2026-03-19 17:30:05,Sensor2,23.60,21.80,10,400,4,6,7
2026-03-19 17:30:06,Sensor2,23.60,21.80,11,400,4,6,7
2026-03-19 17:30:07,Sensor2,23.60,21.80,4,400,4,6,7
2026-03-19 17:30:08,Sensor2,23.60,21.80,0,400,4,6,7
2026-03-19 17:30:09,Sensor2,23.60,21.80,5,400,4,5,7
2026-03-19 17:30:10,Sensor2,23.60,21.80,2,400,4,5,7
2026-03-19 17:30:11,Sensor2,23.60,21.80,0,400,3,5,7
2026-03-19 17:30:12,Sensor2,23.60,21.80,3,400,3,5,7
2026-03-19 17:30:14,Sensor2,23.60,21.80,5,400,4,6,6
2026-03-19 17:30:14,Sensor2,23.60,21.80,0,400,4,6,6
2026-03-19 17:30:15,Sensor2,23.60,21.80,4,400,4,5,5
2026-03-19 17:30:16,Sensor2,23.60,21.80,4,400,4,5,5
2026-03-19 17:30:17,Sensor2,23.60,21.80,4,400,4,5,5
2026-03-19 17:30:18,Sensor2,23.60,21.80,7,400,4,5,5
2026-03-19 17:30:19,Sensor2,23.60,21.80,1,400,5,6,6
2026-03-19 17:30:20,Sensor2,23.60,21.80,2,400,5,6,6
2026-03-19 17:30:22,Sensor2,23.60,21.80,0,400,5,6,6
2026-03-19 17:30:23,Sensor2,23.60,21.80,0,400,4,5,5
2026-03-19 17:30:24,Sensor2,23.60,21.90,5,400,4,5,5
2026-03-19 17:30:24,Sensor2,23.60,21.90,11,400,4,5,5
2026-03-19 17:30:25,Sensor2,23.60,21.90,2,400,4,5,5
2026-03-19 17:30:26,Sensor2,23.60,21.90,4,400,4,5,5
2026-03-19 17:30:27,Sensor2,23.60,22.00,5,400,4,5,5
2026-03-19 17:30:28,Sensor2,23.60,22.00,9,400,4,5,5
2026-03-19 17:30:29,Sensor2,23.60,22.00,5,400,4,5,5
2026-03-19 17:30:30,Sensor2,23.60,22.00,11,400,4,5,5
2026-03-19 17:30:31,Sensor2,23.60,22.00,12,400,4,5,5
2026-03-19 17:30:32,Sensor2,23.60,22.00,11,400,4,4,4
2026-03-19 17:30:34,Sensor2,23.60,22.00,7,400,4,4,4
2026-03-19 17:30:35,Sensor2,23.60,22.00,10,400,4,4,4
2026-03-19 17:30:36,Sensor2,23.60,22.00,7,400,4,5,5
2026-03-19 17:30:37,Sensor2,23.60,22.00,6,400,4,4,4
2026-03-19 17:30:38,Sensor2,23.60,22.00,6,400,4,4,4
2026-03-19 17:30:38,Sensor2,23.60,22.00,16,400,4,5,5
2026-03-19 17:30:39,Sensor2,23.60,22.00,6,400,4,5,5
2026-03-19 17:30:40,Sensor2,23.60,22.00,8,400,5,5,5
2026-03-19 17:30:41,Sensor2,23.60,22.00,11,400,5,5,5
2026-03-19 17:30:42,Sensor2,23.60,22.00,2,400,5,5,5
2026-03-19 17:30:43,Sensor2,23.60,22.00,7,400,5,5,5
2026-03-19 17:30:44,Sensor2,23.60,22.00,0,400,4,5,5
2026-03-19 17:30:45,Sensor2,23.60,22.00,9,400,4,5,5
2026-03-19 17:30:46,Sensor2,23.60,22.00,2,400,5,5,5
2026-03-19 17:30:48,Sensor2,23.60,22.00,4,400,5,5,5
2026-03-19 17:30:49,Sensor2,23.60,22.00,0,400,5,5,5
2026-03-19 17:30:50,Sensor2,23.60,22.00,0,400,5,5,5
2026-03-19 17:30:51,Sensor2,23.60,22.00,0,400,5,5,5
2026-03-19 17:30:52,Sensor2,23.60,22.00,0,400,5,5,5
2026-03-19 17:30:53,Sensor2,23.60,22.00,0,400,5,5,5
2026-03-19 17:30:53,Sensor2,23.60,21.90,0,400,5,5,5
2026-03-19 17:30:54,Sensor2,23.60,21.90,0,400,5,5,5
2026-03-19 17:30:55,Sensor2,23.60,22.00,0,400,5,5,5
2026-03-19 17:30:56,Sensor2,23.60,22.00,0,400,5,5,5
2026-03-19 17:30:57,Sensor2,23.60,21.90,0,400,5,5,5
2026-03-19 17:30:58,Sensor2,23.60,21.90,0,400,4,5,5
2026-03-19 17:30:59,Sensor2,23.60,21.90,0,400,4,5,5
2026-03-19 17:31:00,Sensor2,23.60,21.90,0,400,4,5,5
2026-03-19 17:31:01,Sensor2,23.60,21.90,0,400,4,5,5
2026-03-19 17:31:03,Sensor2,23.60,21.90,4,400,4,5,5
2026-03-19 17:31:04,Sensor2,23.60,21.90,0,400,4,5,5
2026-03-19 17:31:05,Sensor2,23.60,21.90,0,400,4,5,5
2026-03-19 17:31:05,Sensor2,23.60,21.90,0,400,4,5,5
2026-03-19 17:31:06,Sensor2,23.60,21.90,0,400,4,5,5
2026-03-19 17:31:07,Sensor2,23.60,21.90,0,400,4,5,5
2026-03-19 17:31:08,Sensor2,23.60,21.90,0,400,4,5,5
2026-03-19 17:31:09,Sensor2,23.60,21.90,0,400,4,5,5
2026-03-19 17:31:10,Sensor2,23.60,21.90,0,400,4,5,5
2026-03-19 17:31:11,Sensor2,23.60,21.90,0,400,4,5,5
2026-03-19 17:31:12,Sensor2,23.60,21.90,0,400,4,5,5
2026-03-19 17:31:13,Sensor2,23.60,21.90,0,400,4,5,5
2026-03-19 17:31:14,Sensor2,23.60,21.90,0,400,5,5,5
2026-03-19 17:31:15,Sensor2,23.60,21.90,0,400,5,5,5
2026-03-19 17:31:16,Sensor2,23.60,21.90,0,400,5,5,5
2026-03-19 17:31:18,Sensor2,23.60,21.90,0,400,5,5,5
2026-03-19 17:31:19,Sensor2,23.60,21.90,0,400,5,5,7
2026-03-19 17:31:20,Sensor2,23.60,21.90,0,400,5,5,7
2026-03-19 17:31:21,Sensor2,23.60,21.90,0,400,5,5,9
2026-03-19 17:31:21,Sensor2,23.60,21.90,0,400,5,5,9
2026-03-19 17:31:22,Sensor2,23.60,21.90,2,400,5,5,8
2026-03-19 17:31:23,Sensor2,23.60,21.90,0,400,5,5,8
2026-03-19 17:31:24,Sensor2,23.60,21.90,0,400,5,5,7
2026-03-19 17:31:25,Sensor2,23.60,21.90,1,400,5,5,7
2026-03-19 17:31:26,Sensor2,23.60,21.90,0,400,5,5,8
2026-03-19 17:31:27,Sensor2,23.60,21.90,0,400,5,5,8
2026-03-19 17:31:28,Sensor2,23.60,21.90,3,400,5,5,8
2026-03-19 17:31:29,Sensor2,23.60,21.90,0,400,5,5,7
2026-03-19 17:31:30,Sensor2,23.60,21.90,4,400,5,5,7
2026-03-19 17:31:31,Sensor2,23.60,21.90,8,400,5,5,7
2026-03-19 17:31:33,Sensor2,23.60,21.90,7,400,5,5,7
2026-03-19 17:31:34,Sensor2,23.60,21.90,0,400,5,5,7
2026-03-19 17:31:35,Sensor2,23.60,21.90,5,400,4,4,7
2026-03-19 17:31:35,Sensor2,23.60,21.90,6,400,4,4,7
2026-03-19 17:31:36,Sensor2,23.60,21.90,10,400,4,4,5
2026-03-19 17:31:37,Sensor2,23.60,21.90,3,400,4,4,5
2026-03-19 17:31:38,Sensor2,23.60,21.90,6,400,4,4,4
2026-03-19 17:31:39,Sensor2,23.60,21.90,8,400,4,4,4
2026-03-19 17:31:40,Sensor2,23.60,21.90,7,400,4,4,4
2026-03-19 17:31:41,Sensor2,23.60,21.90,3,400,4,4,4
2026-03-19 17:31:42,Sensor2,23.60,21.90,9,400,4,4,4
2026-03-19 17:31:43,Sensor2,23.60,21.90,8,400,4,4,4
2026-03-19 17:31:44,Sensor2,23.60,21.90,15,400,4,4,4
2026-03-19 17:31:45,Sensor2,23.60,21.90,6,400,4,4,4
2026-03-19 17:31:46,Sensor2,23.60,21.90,0,400,5,5,5
2026-03-19 17:31:48,Sensor2,23.60,21.90,7,400,5,5,5
2026-03-19 17:31:49,Sensor2,23.60,21.90,3,400,5,5,5
2026-03-19 17:31:50,Sensor2,23.60,21.90,0,400,5,5,5
2026-03-19 17:31:50,Sensor2,23.60,21.90,4,400,5,5,5
2026-03-19 17:31:51,Sensor2,23.60,21.90,6,400,5,5,5
2026-03-19 17:31:52,Sensor2,23.60,21.90,3,400,5,6,6
2026-03-19 17:31:53,Sensor2,23.60,21.90,0,400,5,6,6
2026-03-19 17:31:54,Sensor2,23.60,21.90,3,400,5,6,6
2026-03-19 17:31:55,Sensor2,23.60,21.90,0,400,5,6,6
2026-03-19 17:31:56,Sensor2,23.60,21.90,15,400,5,5,5
2026-03-19 17:31:57,Sensor2,23.60,21.90,11,400,5,5,5
2026-03-19 17:31:58,Sensor2,23.60,21.90,3,400,5,5,5
2026-03-19 17:31:59,Sensor2,23.60,21.90,5,400,5,5,5
2026-03-19 17:32:00,Sensor2,23.60,21.90,5,400,5,6,6
2026-03-19 17:32:02,Sensor2,23.60,21.90,2,400,5,6,6
2026-03-19 17:32:03,Sensor2,23.60,21.90,0,400,5,5,5
2026-03-19 17:32:04,Sensor2,23.60,21.90,4,400,5,5,5
2026-03-19 17:32:05,Sensor2,23.60,21.90,10,400,5,5,7
2026-03-19 17:32:05,Sensor2,23.60,21.90,11,400,5,5,7
2026-03-19 17:32:06,Sensor2,23.60,21.90,8,400,5,5,7
2026-03-19 17:32:07,Sensor2,23.60,21.90,11,400,5,5,7
2026-03-19 17:32:08,Sensor2,23.60,21.90,4,400,5,5,7
2026-03-19 17:32:09,Sensor2,23.60,21.90,9,400,5,5,7
2026-03-19 17:32:10,Sensor2,23.60,21.90,9,400,5,5,7
2026-03-19 17:32:11,Sensor2,23.60,21.90,12,400,5,5,7
2026-03-19 17:32:12,Sensor2,23.60,21.90,8,400,4,5,7
2026-03-19 17:32:13,Sensor2,23.60,21.90,12,400,4,5,7
2026-03-19 17:32:14,Sensor2,23.60,21.90,16,400,5,5,7
2026-03-19 17:32:15,Sensor2,23.60,21.90,16,400,5,5,7
2026-03-19 17:32:16,Sensor2,23.60,21.90,13,400,5,5,7
2026-03-19 17:32:17,Sensor2,23.60,21.90,10,400,5,5,7
2026-03-19 17:32:18,Sensor2,23.60,21.90,13,400,5,5,7
2026-03-19 17:32:19,Sensor2,23.60,21.90,11,400,4,5,7
2026-03-19 17:32:20,Sensor2,23.60,21.90,12,400,4,5,7
2026-03-19 17:32:21,Sensor2,23.60,21.90,12,400,4,5,7
2026-03-19 17:32:22,Sensor2,23.60,21.90,5,400,4,5,7
2026-03-19 17:32:23,Sensor2,23.60,21.90,9,400,5,5,6
2026-03-19 17:32:25,Sensor2,23.60,21.90,3,400,4,4,5
2026-03-19 17:32:26,Sensor2,23.60,21.90,10,400,4,5,5
2026-03-19 17:32:27,Sensor2,23.60,21.90,1,400,4,5,5
2026-03-19 17:32:28,Sensor2,23.60,21.90,5,400,4,5,5
2026-03-19 17:32:28,Sensor2,23.60,21.90,0,400,4,5,5
2026-03-19 17:32:29,Sensor2,23.60,21.90,8,400,4,4,4
2026-03-19 17:32:30,Sensor2,23.60,21.90,13,400,4,4,4
2026-03-19 17:32:31,Sensor2,23.60,21.90,5,400,4,5,5
2026-03-19 17:32:32,Sensor2,23.60,21.90,2,400,4,5,5
2026-03-19 17:32:33,Sensor2,23.60,21.90,7,400,4,4,4
2026-03-19 17:32:34,Sensor2,23.60,21.90,2,400,4,4,4
2026-03-19 17:32:35,Sensor2,23.60,21.90,8,400,4,4,4
2026-03-19 17:32:36,Sensor2,23.60,21.90,0,400,4,4,4
2026-03-19 17:32:37,Sensor2,23.60,21.90,6,400,4,5,5
2026-03-19 17:32:39,Sensor2,23.60,21.90,11,400,4,5,5
2026-03-19 17:32:40,Sensor2,23.60,21.90,4,400,4,4,4
2026-03-19 17:32:41,Sensor2,23.60,21.90,7,400,4,4,4
2026-03-19 17:32:42,Sensor2,23.60,21.90,11,400,4,4,4
2026-03-19 17:32:42,Sensor2,23.60,21.90,2,400,4,4,4
2026-03-19 17:32:43,Sensor2,23.60,21.90,8,400,4,4,4
2026-03-19 17:32:44,Sensor2,23.60,21.90,13,400,4,4,4
2026-03-19 17:32:45,Sensor2,23.60,21.90,5,400,4,5,5
2026-03-19 17:32:46,Sensor2,23.60,21.90,7,400,4,5,5
2026-03-19 17:32:47,Sensor2,23.60,21.90,9,400,5,5,5
2026-03-19 17:32:48,Sensor2,23.60,21.90,12,400,5,5,5
2026-03-19 17:32:49,Sensor2,23.60,21.90,6,400,5,5,5
2026-03-19 17:32:50,Sensor2,23.60,21.90,8,400,5,5,5
2026-03-19 17:32:52,Sensor2,23.60,21.90,13,400,4,5,5
2026-03-19 17:32:53,Sensor2,23.60,21.90,15,400,4,5,5
2026-03-19 17:32:54,Sensor2,23.60,22.00,14,400,4,5,5
2026-03-19 17:32:55,Sensor2,23.60,22.00,12,400,4,5,5
2026-03-19 17:32:56,Sensor2,23.60,22.00,16,400,5,5,5
2026-03-19 17:32:57,Sensor2,23.60,22.00,12,400,5,5,5
2026-03-19 17:32:57,Sensor2,23.60,21.90,11,400,4,5,5
2026-03-19 17:32:58,Sensor2,23.60,21.90,19,400,4,5,5
2026-03-19 17:32:59,Sensor2,23.60,21.90,8,400,5,5,5
2026-03-19 17:33:00,Sensor2,23.60,21.90,13,400,5,5,5
2026-03-19 17:33:01,Sensor2,23.60,22.00,10,400,5,6,6
2026-03-19 17:33:02,Sensor2,23.60,22.00,8,400,5,6,6
2026-03-19 17:33:03,Sensor2,23.60,21.90,14,400,5,5,5
2026-03-19 17:33:04,Sensor2,23.60,21.90,5,400,5,5,5
2026-03-19 17:33:05,Sensor2,23.60,21.90,14,400,5,5,5
2026-03-19 17:33:07,Sensor2,23.60,21.90,8,400,4,5,5
2026-03-19 17:33:08,Sensor2,23.60,21.90,11,400,5,5,5
2026-03-19 17:33:09,Sensor2,23.60,21.90,6,400,5,5,5
2026-03-19 17:33:10,Sensor2,23.60,21.90,10,400,5,5,5
2026-03-19 17:33:11,Sensor2,23.60,21.90,5,400,5,5,5
2026-03-19 17:33:12,Sensor2,23.60,21.90,11,400,5,5,5
2026-03-19 17:33:12,Sensor2,23.60,21.90,6,400,5,5,5
2026-03-19 17:33:13,Sensor2,23.60,21.90,5,400,5,5,6
2026-03-19 17:33:14,Sensor2,23.60,21.90,9,400,5,5,6
2026-03-19 17:33:15,Sensor2,23.60,21.90,1,400,5,5,6
2026-03-19 17:33:16,Sensor2,23.60,21.90,8,400,5,5,6
2026-03-19 17:33:17,Sensor2,23.60,21.90,5,400,5,6,7
2026-03-19 17:33:18,Sensor2,23.60,21.90,0,400,5,6,7
2026-03-19 17:33:19,Sensor2,23.60,21.90,0,400,5,6,7
2026-03-19 17:33:20,Sensor2,23.60,21.90,4,400,5,6,7
2026-03-19 17:33:22,Sensor2,23.60,21.90,0,400,5,6,7
2026-03-19 17:33:23,Sensor2,23.60,21.90,0,400,5,6,7
2026-03-19 17:33:24,Sensor2,23.60,21.90,3,400,5,6,7
2026-03-19 17:33:25,Sensor2,23.60,21.90,6,400,5,6,7
2026-03-19 17:33:26,Sensor2,23.60,21.90,3,400,5,6,7
2026-03-19 17:33:27,Sensor2,23.60,21.90,4,400,5,6,7
2026-03-19 17:33:27,Sensor2,23.60,21.90,3,400,5,7,7
2026-03-19 17:33:28,Sensor2,23.60,21.90,2,400,5,7,7
2026-03-19 17:33:29,Sensor2,23.60,21.90,7,400,5,7,7
2026-03-19 17:33:30,Sensor2,23.60,21.90,5,400,5,7,7
2026-03-19 17:33:31,Sensor2,23.60,21.90,5,400,5,7,7
2026-03-19 17:33:32,Sensor2,23.60,21.90,4,400,5,7,7
2026-03-19 17:33:33,Sensor2,23.60,21.80,6,400,5,7,7
2026-03-19 17:33:34,Sensor2,23.60,21.80,9,400,5,7,7
2026-03-19 17:33:35,Sensor2,23.60,21.80,3,400,5,6,6
2026-03-19 17:33:37,Sensor2,23.60,21.80,9,400,5,6,6
2026-03-19 17:33:38,Sensor2,23.60,21.80,8,400,6,6,6
2026-03-19 17:33:39,Sensor2,23.60,21.80,5,400,6,6,6
2026-03-19 17:33:40,Sensor2,23.60,21.80,9,400,5,6,6
2026-03-19 17:33:41,Sensor2,23.60,21.80,7,400,5,6,6
2026-03-19 17:33:42,Sensor2,23.60,21.80,12,400,5,6,6
2026-03-19 17:33:42,Sensor2,23.60,21.80,9,400,5,6,6
2026-03-19 17:33:43,Sensor2,23.60,21.80,11,400,6,6,6
2026-03-19 17:33:44,Sensor2,23.60,21.80,7,400,6,6,6
2026-03-19 17:33:45,Sensor2,23.60,21.80,0,400,5,6,6
2026-03-19 17:33:46,Sensor2,23.60,21.80,10,400,5,6,6
2026-03-19 17:33:47,Sensor2,23.60,21.80,9,400,5,6,6
2026-03-19 17:33:48,Sensor2,23.60,21.80,7,400,5,6,6
2026-03-19 17:33:49,Sensor2,23.60,21.80,10,400,5,7,7
2026-03-19 17:33:51,Sensor2,23.60,21.80,6,400,5,6,6
2026-03-19 17:33:52,Sensor2,23.60,21.80,15,400,5,6,6
2026-03-19 17:33:53,Sensor2,23.60,21.80,8,400,5,6,6
2026-03-19 17:33:54,Sensor2,23.60,21.80,5,400,5,7,7
2026-03-19 17:33:55,Sensor2,23.60,21.80,4,400,5,7,7
2026-03-19 17:33:56,Sensor2,23.60,21.80,4,400,5,6,6
2026-03-19 17:33:56,Sensor2,23.60,21.80,9,400,5,6,6
2026-03-19 17:33:58,Sensor2,23.60,21.80,8,400,5,6,6
2026-03-19 17:33:59,Sensor2,23.60,21.80,2,400,5,6,6
2026-03-19 17:34:00,Sensor2,23.60,21.90,3,400,5,6,6
2026-03-19 17:34:01,Sensor2,23.60,21.90,9,400,5,6,6
2026-03-19 17:34:02,Sensor2,23.60,21.80,10,400,5,6,6
2026-03-19 17:34:03,Sensor2,23.60,21.80,7,400,5,6,6
2026-03-19 17:34:04,Sensor2,23.60,21.80,13,400,5,6,6
2026-03-19 17:34:05,Sensor2,23.60,21.80,11,400,5,6,6
2026-03-19 17:34:06,Sensor2,23.60,21.80,7,400,5,6,6
2026-03-19 17:34:07,Sensor2,23.60,21.80,18,400,5,5,5
2026-03-19 17:34:07,Sensor2,23.60,21.80,10,400,5,5,5
2026-03-19 17:34:08,Sensor2,23.60,21.80,14,400,5,6,6
2026-03-19 17:34:09,Sensor2,23.60,21.80,10,400,5,6,6
2026-03-19 17:34:10,Sensor2,23.60,21.80,14,400,6,6,6
2026-03-19 17:34:11,Sensor2,23.60,21.80,11,400,6,6,6
2026-03-19 17:34:12,Sensor2,23.60,21.80,10,400,6,6,6
2026-03-19 17:34:14,Sensor2,23.60,21.80,12,400,6,6,6
2026-03-19 17:34:15,Sensor2,23.60,21.80,16,400,5,6,6
2026-03-19 17:34:16,Sensor2,23.60,21.80,15,400,5,6,6
2026-03-19 17:34:17,Sensor2,23.60,21.80,10,400,6,6,6
2026-03-19 17:34:18,Sensor2,23.60,21.80,5,400,6,6,6
2026-03-19 17:34:19,Sensor2,23.60,21.80,8,400,6,6,6
2026-03-19 17:34:20,Sensor2,23.60,21.80,9,400,6,6,6
2026-03-19 17:34:21,Sensor2,23.60,21.80,8,400,5,6,6
2026-03-19 17:34:22,Sensor2,23.60,21.80,16,400,5,5,7
2026-03-19 17:34:23,Sensor2,23.60,21.80,12,400,5,5,7
2026-03-19 17:34:24,Sensor2,23.60,21.80,9,400,5,5,7
2026-03-19 17:34:25,Sensor2,23.60,21.80,10,400,5,5,7
2026-03-19 17:34:26,Sensor2,23.60,21.80,6,400,6,6,7
2026-03-19 17:34:26,Sensor2,23.60,21.80,0,400,6,6,7
2026-03-19 17:34:28,Sensor2,23.60,21.80,5,400,5,5,7
2026-03-19 17:34:29,Sensor2,23.60,21.80,12,400,5,5,7
2026-03-19 17:34:29,Sensor2,23.60,21.90,14,400,5,6,7
2026-03-19 17:34:31,Sensor2,23.60,21.90,13,400,5,6,7
2026-03-19 17:34:31,Sensor2,23.60,21.90,5,400,5,6,7
2026-03-19 17:34:32,Sensor2,23.60,21.90,6,400,5,6,7
2026-03-19 17:34:34,Sensor2,23.60,21.80,13,400,6,6,9
2026-03-19 17:34:34,Sensor2,23.60,21.80,13,400,6,6,9
2026-03-19 17:34:36,Sensor2,23.60,21.80,15,400,6,7,9
2026-03-19 17:34:37,Sensor2,23.60,21.80,15,400,6,7,9
2026-03-19 17:34:38,Sensor2,23.60,21.90,17,400,7,7,10
2026-03-19 17:34:39,Sensor2,23.60,21.90,9,400,7,7,10
2026-03-19 17:34:40,Sensor2,23.60,21.80,17,400,7,7,7
2026-03-19 17:34:41,Sensor2,23.60,21.80,15,400,7,7,7
2026-03-19 17:34:42,Sensor2,23.60,21.80,16,400,6,7,7
2026-03-19 17:34:42,Sensor2,23.60,21.80,15,400,6,7,7
2026-03-19 17:34:44,Sensor2,23.60,21.80,17,400,6,7,7
2026-03-19 17:34:45,Sensor2,23.60,21.80,16,400,6,7,7
2026-03-19 17:34:46,Sensor2,23.60,21.80,13,400,6,7,7
2026-03-19 17:34:47,Sensor2,23.60,21.80,6,400,6,7,7
2026-03-19 17:34:48,Sensor2,23.60,21.80,9,400,6,7,7
2026-03-19 17:34:49,Sensor2,23.60,21.80,11,400,6,7,7
2026-03-19 17:34:50,Sensor2,23.60,21.80,10,400,7,7,7
2026-03-19 17:34:51,Sensor2,23.60,21.80,6,400,7,7,7
2026-03-19 17:34:52,Sensor2,23.60,21.80,5,400,6,7,7
2026-03-19 17:34:53,Sensor2,23.60,21.80,6,400,6,7,7
2026-03-19 17:34:54,Sensor2,23.60,21.80,9,400,5,6,6
2026-03-19 17:34:55,Sensor2,23.60,21.80,8,400,5,6,6
2026-03-19 17:34:56,Sensor2,23.60,21.80,2,400,5,6,6
2026-03-19 17:34:57,Sensor2,23.60,21.80,7,400,5,6,6
2026-03-19 17:34:58,Sensor2,23.60,21.80,6,400,5,5,5
2026-03-19 17:34:59,Sensor2,23.60,21.80,2,400,5,5,5
2026-03-19 17:35:00,Sensor2,23.60,21.80,5,400,5,5,7
2026-03-19 17:35:01,Sensor2,23.60,21.80,0,400,5,5,7
2026-03-19 17:35:02,Sensor2,23.60,21.80,2,400,4,5,7
2026-03-19 17:35:03,Sensor2,23.60,21.80,0,400,4,5,7
2026-03-19 17:35:04,Sensor2,23.60,21.80,0,400,4,5,6
2026-03-19 17:35:05,Sensor2,23.60,21.80,0,400,4,5,6
2026-03-19 17:35:06,Sensor2,23.60,21.70,0,400,3,4,5
2026-03-19 17:35:07,Sensor2,23.60,21.70,3,400,3,4,5
2026-03-19 17:35:08,Sensor2,23.60,21.80,8,400,3,4,5
2026-03-19 17:35:09,Sensor2,23.60,21.80,6,400,3,4,5
2026-03-19 17:35:10,Sensor2,23.60,21.70,11,400,3,4,5
2026-03-19 17:35:11,Sensor2,23.60,21.70,5,400,3,4,5
2026-03-19 17:35:12,Sensor2,23.60,21.80,8,400,3,4,5
2026-03-19 17:35:13,Sensor2,23.60,21.80,7,400,3,4,5
2026-03-19 17:35:14,Sensor2,23.60,21.70,10,400,3,3,5
2026-03-19 17:35:15,Sensor2,23.60,21.70,11,400,3,3,5
2026-03-19 17:35:16,Sensor2,23.60,21.80,10,400,3,4,5
2026-03-19 17:35:17,Sensor2,23.60,21.80,20,400,3,4,5
2026-03-19 17:35:18,Sensor2,23.60,21.80,23,400,3,4,4
2026-03-19 17:35:19,Sensor2,23.60,21.80,13,400,3,4,4
2026-03-19 17:35:20,Sensor2,23.60,21.80,12,400,4,4,5
2026-03-19 17:35:21,Sensor2,23.60,21.80,9,400,4,4,5
2026-03-19 17:35:22,Sensor2,23.60,21.80,8,400,4,4,5
2026-03-19 17:35:23,Sensor2,23.60,21.80,5,400,4,4,5
2026-03-19 17:35:24,Sensor2,23.60,21.80,8,400,4,4,5
2026-03-19 17:35:25,Sensor2,23.60,21.80,4,400,4,4,5
2026-03-19 17:35:26,Sensor2,23.60,21.80,7,400,4,5,6
2026-03-19 17:35:27,Sensor2,23.60,21.80,0,400,4,5,6
2026-03-19 17:35:28,Sensor2,23.60,21.80,0,400,5,5,6
2026-03-19 17:35:29,Sensor2,23.60,21.80,0,400,5,5,6
2026-03-19 17:35:30,Sensor2,23.60,21.80,0,400,5,6,7
2026-03-19 17:35:31,Sensor2,23.60,21.80,0,400,5,6,7
2026-03-19 17:35:32,Sensor2,23.60,21.80,0,400,5,6,7
2026-03-19 17:35:33,Sensor2,23.60,21.80,0,400,5,6,7
2026-03-19 17:35:34,Sensor2,23.60,21.80,0,400,5,6,7
2026-03-19 17:35:35,Sensor2,23.60,21.80,0,400,5,6,7
2026-03-19 17:35:36,Sensor2,23.60,21.70,0,400,5,6,7
2026-03-19 17:35:37,Sensor2,23.60,21.70,1,400,5,6,7
2026-03-19 17:35:38,Sensor2,23.60,21.70,1,400,5,6,6
2026-03-19 17:35:39,Sensor2,23.60,21.70,0,400,5,6,6
2026-03-19 17:35:40,Sensor2,23.60,21.70,0,400,5,6,6
2026-03-19 17:35:41,Sensor2,23.60,21.70,0,400,5,6,6
2026-03-19 17:35:42,Sensor2,23.60,21.70,0,400,5,6,6
2026-03-19 17:35:43,Sensor2,23.60,21.70,3,400,5,6,6
2026-03-19 17:35:44,Sensor2,23.60,21.70,0,400,5,6,6
2026-03-19 17:35:45,Sensor2,23.60,21.70,3,400,5,6,6
2026-03-19 17:35:46,Sensor2,23.60,21.70,6,400,4,5,5
2026-03-19 17:35:47,Sensor2,23.60,21.70,0,400,4,5,5
2026-03-19 17:35:48,Sensor2,23.60,21.80,3,400,5,5,5
2026-03-19 17:35:49,Sensor2,23.60,21.80,5,400,5,5,5
2026-03-19 17:35:50,Sensor2,23.60,21.80,5,400,5,6,6
2026-03-19 17:35:51,Sensor2,23.60,21.80,0,400,6,6,9
2026-03-19 17:35:52,Sensor2,23.60,21.80,2,400,5,6,7
2026-03-19 17:35:53,Sensor2,23.60,21.80,0,400,5,6,7
2026-03-19 17:35:54,Sensor2,23.60,21.80,4,400,5,6,7
2026-03-19 17:35:55,Sensor2,23.60,21.80,5,400,5,6,9
2026-03-19 17:35:56,Sensor2,23.60,21.80,9,400,5,6,9
2026-03-19 17:35:57,Sensor2,23.60,21.80,5,400,5,5,11
2026-03-19 17:35:58,Sensor2,23.60,21.80,10,400,5,5,11
2026-03-19 17:35:59,Sensor2,23.60,21.80,10,400,3,4,10
2026-03-19 17:36:00,Sensor2,23.60,21.80,12,400,4,5,10
2026-03-19 17:36:01,Sensor2,23.60,21.80,7,400,4,4,10
2026-03-19 17:36:02,Sensor2,23.60,21.80,7,400,4,4,10
2026-03-19 17:36:03,Sensor2,23.60,21.80,8,400,4,4,10
2026-03-19 17:36:04,Sensor2,23.60,21.80,13,400,3,4,10
2026-03-19 17:36:05,Sensor2,23.60,21.80,8,400,3,4,10
2026-03-19 17:36:06,Sensor2,23.60,21.80,17,400,4,4,10
2026-03-19 17:36:07,Sensor2,23.60,21.80,17,400,4,4,10
2026-03-19 17:36:08,Sensor2,23.60,21.80,13,400,3,4,11
2026-03-19 17:36:09,Sensor2,23.60,21.80,14,400,3,4,11
2026-03-19 17:36:10,Sensor2,23.60,21.80,7,400,3,4,7
2026-03-19 17:36:11,Sensor2,23.60,21.80,13,400,3,4,7
2026-03-19 17:36:12,Sensor2,23.60,21.80,17,400,4,4,7
2026-03-19 17:36:13,Sensor2,23.60,21.80,7,400,4,4,7
2026-03-19 17:36:14,Sensor2,23.60,21.80,13,400,4,4,7
2026-03-19 17:36:15,Sensor2,23.60,21.80,9,400,4,4,7
2026-03-19 17:36:16,Sensor2,23.60,21.80,10,400,3,3,6
2026-03-19 17:36:17,Sensor2,23.60,21.80,4,400,3,3,6
2026-03-19 17:36:18,Sensor2,23.60,21.80,1,400,3,3,4
2026-03-19 17:36:19,Sensor2,23.60,21.80,10,400,3,3,4
2026-03-19 17:36:20,Sensor2,23.60,21.70,5,400,3,3,5
2026-03-19 17:36:21,Sensor2,23.60,21.70,15,400,3,3,5
2026-03-19 17:36:22,Sensor2,23.60,21.70,10,400,3,4,5
2026-03-19 17:36:23,Sensor2,23.60,21.70,5,400,3,4,5
2026-03-19 17:36:24,Sensor2,23.60,21.70,10,400,3,4,5
2026-03-19 17:36:25,Sensor2,23.60,21.70,7,400,3,4,5
2026-03-19 17:36:26,Sensor2,23.60,21.70,4,400,4,4,4
2026-03-19 17:36:27,Sensor2,23.60,21.70,11,400,4,4,4
2026-03-19 17:36:28,Sensor2,23.60,21.60,6,400,3,3,3
2026-03-19 17:36:29,Sensor2,23.60,21.60,0,400,3,3,3
2026-03-19 17:36:30,Sensor2,23.60,21.60,9,400,3,3,3
2026-03-19 17:36:31,Sensor2,23.60,21.60,0,400,3,3,3
2026-03-19 17:36:32,Sensor2,23.60,21.60,5,400,3,3,3
2026-03-19 17:36:33,Sensor2,23.60,21.60,0,400,3,3,3
2026-03-19 17:36:34,Sensor2,23.60,21.60,6,400,3,3,3
2026-03-19 17:36:35,Sensor2,23.60,21.60,5,400,3,3,3
2026-03-19 17:36:36,Sensor2,23.60,21.60,7,400,3,3,3
2026-03-19 17:36:37,Sensor2,23.60,21.60,1,400,3,3,3
2026-03-19 17:36:38,Sensor2,23.60,21.60,0,400,3,3,3
2026-03-19 17:36:39,Sensor2,23.60,21.60,1,400,3,3,3
2026-03-19 17:36:40,Sensor2,23.60,21.60,3,400,3,3,3
2026-03-19 17:36:41,Sensor2,23.60,21.60,11,400,3,3,3
2026-03-19 17:36:42,Sensor2,23.60,21.50,8,400,3,3,3
2026-03-19 17:36:43,Sensor2,23.60,21.50,10,400,3,3,3
2026-03-19 17:36:44,Sensor2,23.60,21.60,9,400,3,3,3
2026-03-19 17:36:45,Sensor2,23.60,21.60,6,400,3,3,3
2026-03-19 17:36:46,Sensor2,23.60,21.50,0,400,3,4,4
2026-03-19 17:36:47,Sensor2,23.60,21.50,0,400,3,4,4
2026-03-19 17:36:48,Sensor2,23.60,21.50,0,400,4,4,4
2026-03-19 17:36:49,Sensor2,23.60,21.50,4,400,4,4,4
2026-03-19 17:36:50,Sensor2,23.60,21.50,2,400,4,5,5
2026-03-19 17:36:51,Sensor2,23.60,21.50,0,400,4,5,5
2026-03-19 17:36:52,Sensor2,23.60,21.50,1,400,4,5,5
2026-03-19 17:36:53,Sensor2,23.60,21.50,1,400,5,5,5
2026-03-19 17:36:54,Sensor2,23.60,21.50,0,400,4,5,5
2026-03-19 17:36:55,Sensor2,23.60,21.50,0,400,4,5,5
2026-03-19 17:36:56,Sensor2,23.60,21.50,0,400,4,5,5
2026-03-19 17:36:57,Sensor2,23.60,21.50,0,400,4,5,5
2026-03-19 17:36:58,Sensor2,23.60,21.50,2,400,4,5,5
2026-03-19 17:36:59,Sensor2,23.60,21.50,0,400,4,5,5
2026-03-19 17:37:00,Sensor2,23.60,21.50,0,400,4,5,5
2026-03-19 17:37:01,Sensor2,23.60,21.50,3,400,4,5,5
2026-03-19 17:37:02,Sensor2,23.60,21.50,0,400,4,5,5
2026-03-19 17:37:03,Sensor2,23.60,21.50,3,400,4,5,5
2026-03-19 17:37:04,Sensor2,23.60,21.60,0,400,4,5,5
2026-03-19 17:37:05,Sensor2,23.60,21.60,0,400,4,5,5
2026-03-19 17:37:06,Sensor2,23.60,21.50,3,400,3,4,4
2026-03-19 17:37:07,Sensor2,23.60,21.50,0,400,3,4,4
2026-03-19 17:37:08,Sensor2,23.60,21.50,5,400,3,3,3
2026-03-19 17:37:09,Sensor2,23.60,21.50,2,400,3,3,3
2026-03-19 17:37:10,Sensor2,23.60,21.60,0,400,3,3,3
2026-03-19 17:37:11,Sensor2,23.60,21.60,6,400,3,3,3
2026-03-19 17:37:12,Sensor2,23.60,21.60,4,400,3,3,3
2026-03-19 17:37:13,Sensor2,23.60,21.60,1,400,3,3,3
2026-03-19 17:37:14,Sensor2,23.60,21.60,1,400,3,3,3
2026-03-19 17:37:15,Sensor2,23.60,21.60,6,400,3,3,3
2026-03-19 17:37:16,Sensor2,23.60,21.60,4,400,3,3,4
2026-03-19 17:37:17,Sensor2,23.60,21.60,3,400,3,3,4
2026-03-19 17:37:18,Sensor2,23.60,21.60,2,400,2,3,4
2026-03-19 17:37:19,Sensor2,23.60,21.60,4,400,2,3,4
2026-03-19 17:37:20,Sensor2,23.60,21.60,2,400,2,3,4
2026-03-19 17:37:21,Sensor2,23.60,21.60,2,400,2,3,4
2026-03-19 17:37:22,Sensor2,23.60,21.60,0,400,2,3,4
2026-03-19 17:37:23,Sensor2,23.60,21.60,10,400,2,3,4
2026-03-19 17:37:24,Sensor2,23.60,21.60,4,400,3,3,6
2026-03-19 17:37:25,Sensor2,23.60,21.60,1,400,3,3,6
2026-03-19 17:37:26,Sensor2,23.60,21.60,8,400,3,4,6
2026-03-19 17:37:27,Sensor2,23.60,21.60,0,400,3,4,6
2026-03-19 17:37:28,Sensor2,23.60,21.70,3,400,3,3,6
2026-03-19 17:37:29,Sensor2,23.60,21.70,5,400,3,3,6
2026-03-19 17:37:30,Sensor2,23.60,21.60,0,400,3,3,6
2026-03-19 17:37:31,Sensor2,23.60,21.60,0,400,3,3,6
2026-03-19 17:37:32,Sensor2,23.60,21.70,0,400,3,4,6
2026-03-19 17:37:33,Sensor2,23.60,21.70,10,400,3,4,6
2026-03-19 17:37:34,Sensor2,23.60,21.60,5,400,3,3,5
2026-03-19 17:37:35,Sensor2,23.60,21.60,9,400,3,3,5
2026-03-19 17:37:36,Sensor2,23.60,21.60,8,400,3,4,6
2026-03-19 17:37:37,Sensor2,23.60,21.60,9,400,4,4,6
2026-03-19 17:37:38,Sensor2,23.60,21.60,7,400,4,4,7
2026-03-19 17:37:39,Sensor2,23.60,21.60,7,400,4,4,7
2026-03-19 17:37:40,Sensor2,23.60,21.60,10,400,4,4,6
2026-03-19 17:37:41,Sensor2,23.60,21.60,8,400,4,4,6
2026-03-19 17:37:42,Sensor2,23.60,21.60,10,400,4,4,5
2026-03-19 17:37:43,Sensor2,23.60,21.60,11,400,4,4,5
2026-03-19 17:37:45,Sensor2,23.60,21.60,6,400,4,4,5
2026-03-19 17:37:45,Sensor2,23.60,21.60,14,400,4,5,6
2026-03-19 17:37:46,Sensor2,23.60,21.60,8,400,4,5,6
2026-03-19 17:37:47,Sensor2,23.60,21.60,7,400,4,5,6
2026-03-19 17:37:48,Sensor2,23.60,21.60,1,400,4,5,6
2026-03-19 17:37:49,Sensor2,23.60,21.60,12,400,4,5,6
2026-03-19 17:37:50,Sensor2,23.60,21.60,12,400,4,5,6
2026-03-19 17:37:51,Sensor2,23.60,21.60,14,400,4,5,6
2026-03-19 17:37:52,Sensor2,23.60,21.60,11,400,4,5,6
2026-03-19 17:37:53,Sensor2,23.60,21.60,9,400,4,5,5
2026-03-19 17:37:54,Sensor2,23.60,21.60,10,400,4,5,5
2026-03-19 17:37:55,Sensor2,23.60,21.60,6,400,5,5,5
2026-03-19 17:37:56,Sensor2,23.60,21.60,17,400,5,5,5
2026-03-19 17:37:57,Sensor2,23.60,21.60,18,400,5,5,7
2026-03-19 17:37:58,Sensor2,23.60,21.60,11,400,5,6,7
2026-03-19 17:37:59,Sensor2,23.60,21.60,12,400,5,5,7
2026-03-19 17:38:00,Sensor2,23.60,21.60,13,400,5,5,7
2026-03-19 17:38:01,Sensor2,23.60,21.60,12,400,5,5,7
2026-03-19 17:38:02,Sensor2,23.60,21.50,9,400,5,5,7
2026-03-19 17:38:03,Sensor2,23.60,21.50,16,400,5,5,6
2026-03-19 17:38:05,Sensor2,23.60,21.50,9,400,5,5,6
2026-03-19 17:38:06,Sensor2,23.60,21.50,10,400,4,4,6
2026-03-19 17:38:07,Sensor2,23.60,21.50,10,400,4,4,6
2026-03-19 17:38:08,Sensor2,23.60,21.50,12,400,4,4,6
2026-03-19 17:38:09,Sensor2,23.60,21.60,11,400,4,4,5
2026-03-19 17:38:09,Sensor2,23.60,21.60,8,400,4,4,5
2026-03-19 17:38:10,Sensor2,23.60,21.50,8,400,3,3,5
2026-03-19 17:38:11,Sensor2,23.60,21.50,17,400,3,3,5
2026-03-19 17:38:12,Sensor2,23.60,21.50,13,400,3,3,5
2026-03-19 17:38:13,Sensor2,23.60,21.50,11,400,3,3,5
2026-03-19 17:38:14,Sensor2,23.60,21.60,13,400,3,3,3
2026-03-19 17:38:15,Sensor2,23.60,21.60,11,400,3,3,3
2026-03-19 17:38:16,Sensor2,23.60,21.50,18,400,3,3,3
2026-03-19 17:38:17,Sensor2,23.60,21.50,22,400,3,3,3
2026-03-19 17:38:18,Sensor2,23.60,21.60,20,400,3,3,3
2026-03-19 17:38:20,Sensor2,23.60,21.60,17,400,3,3,3
2026-03-19 17:38:21,Sensor2,23.60,21.60,16,400,3,4,4
2026-03-19 17:38:21,Sensor2,23.60,21.60,15,400,3,4,4
2026-03-19 17:38:22,Sensor2,23.60,21.60,14,400,4,4,4
2026-03-19 17:38:23,Sensor2,23.60,21.60,15,400,4,4,4
2026-03-19 17:38:24,Sensor2,23.60,21.60,22,400,4,4,4
2026-03-19 17:38:25,Sensor2,23.60,21.60,20,400,4,4,4
2026-03-19 17:38:26,Sensor2,23.60,21.60,23,400,4,4,4
2026-03-19 17:38:27,Sensor2,23.60,21.60,28,400,4,4,4
2026-03-19 17:38:28,Sensor2,23.60,21.60,17,400,4,5,5
2026-03-19 17:38:29,Sensor2,23.60,21.60,27,400,4,5,5
2026-03-19 17:38:30,Sensor2,23.60,21.60,17,400,5,6,6
2026-03-19 17:38:31,Sensor2,23.60,21.60,20,400,5,6,6
2026-03-19 17:38:32,Sensor2,23.60,21.60,20,400,5,6,7
2026-03-19 17:38:33,Sensor2,23.60,21.60,21,400,5,6,7
2026-03-19 17:38:35,Sensor2,23.60,21.60,17,400,5,6,9
2026-03-19 17:38:35,Sensor2,23.60,21.60,25,400,5,6,9
2026-03-19 17:38:36,Sensor2,23.60,21.60,22,400,5,6,9
2026-03-19 17:38:37,Sensor2,23.60,21.60,24,400,5,6,9
2026-03-19 17:38:38,Sensor2,23.60,21.60,22,400,5,6,7
2026-03-19 17:38:39,Sensor2,23.60,21.60,12,400,5,6,7
2026-03-19 17:38:40,Sensor2,23.60,21.50,14,400,5,6,7
2026-03-19 17:38:41,Sensor2,23.60,21.50,14,400,5,6,7
2026-03-19 17:38:42,Sensor2,23.60,21.60,19,400,5,6,7
2026-03-19 17:38:43,Sensor2,23.60,21.60,13,400,5,6,7
2026-03-19 17:38:44,Sensor2,23.60,21.60,5,400,5,5,7
2026-03-19 17:38:45,Sensor2,23.60,21.60,15,400,5,5,7
2026-03-19 17:38:46,Sensor2,23.60,21.50,10,400,4,5,6
2026-03-19 17:38:47,Sensor2,23.60,21.50,8,400,4,5,6
2026-03-19 17:38:48,Sensor2,23.60,21.50,9,400,4,4,5
2026-03-19 17:38:50,Sensor2,23.60,21.50,2,400,3,4,4
2026-03-19 17:38:50,Sensor2,23.60,21.50,1,400,3,3,3
2026-03-19 17:38:51,Sensor2,23.60,21.50,2,400,3,3,3
2026-03-19 17:38:52,Sensor2,23.60,21.50,4,400,3,3,3
2026-03-19 17:38:53,Sensor2,23.60,21.50,1,400,3,3,3
2026-03-19 17:38:54,Sensor2,23.60,21.60,0,400,3,3,3
2026-03-19 17:38:55,Sensor2,23.60,21.60,6,400,3,3,3
2026-03-19 17:38:56,Sensor2,23.60,21.60,4,400,4,4,4
2026-03-19 17:38:57,Sensor2,23.60,21.60,3,400,4,4,4
2026-03-19 17:38:58,Sensor2,23.60,21.50,7,400,4,4,5
2026-03-19 17:38:59,Sensor2,23.60,21.50,2,400,4,4,5
2026-03-19 17:39:00,Sensor2,23.60,21.50,1,400,4,4,5
2026-03-19 17:39:01,Sensor2,23.60,21.50,0,400,4,4,5
2026-03-19 17:39:02,Sensor2,23.60,21.50,5,400,4,4,6
2026-03-19 17:39:03,Sensor2,23.60,21.50,2,400,4,4,6
2026-03-19 17:39:05,Sensor2,23.60,21.50,9,400,5,5,7
2026-03-19 17:39:05,Sensor2,23.60,21.50,4,400,5,5,7
2026-03-19 17:39:06,Sensor2,23.60,21.50,9,400,5,5,7
2026-03-19 17:39:07,Sensor2,23.60,21.50,0,400,5,5,7
2026-03-19 17:39:08,Sensor2,23.60,21.50,2,400,5,6,7
2026-03-19 17:39:09,Sensor2,23.60,21.50,0,400,5,6,7
2026-03-19 17:39:10,Sensor2,23.60,21.50,0,400,5,5,6
2026-03-19 17:39:11,Sensor2,23.60,21.50,0,400,5,5,6
2026-03-19 17:39:12,Sensor2,23.60,21.50,0,400,4,5,6
2026-03-19 17:39:13,Sensor2,23.60,21.50,0,400,4,5,6
2026-03-19 17:39:14,Sensor2,23.60,21.60,1,400,4,5,6
2026-03-19 17:39:15,Sensor2,23.60,21.60,0,400,4,5,6
2026-03-19 17:39:16,Sensor2,23.60,21.50,0,400,4,4,4
2026-03-19 17:39:17,Sensor2,23.60,21.50,0,400,4,4,4
2026-03-19 17:39:18,Sensor2,23.60,21.50,3,400,4,4,4
2026-03-19 17:39:20,Sensor2,23.60,21.50,0,400,4,4,4
2026-03-19 17:39:20,Sensor2,23.60,21.50,0,400,4,5,5
2026-03-19 17:39:21,Sensor2,23.60,21.50,0,400,4,5,5
2026-03-19 17:39:22,Sensor2,23.60,21.50,6,400,4,5,5
2026-03-19 17:39:23,Sensor2,23.60,21.50,3,400,4,5,5
2026-03-19 17:39:24,Sensor2,23.60,21.50,9,400,4,4,5
2026-03-19 17:39:25,Sensor2,23.60,21.50,4,400,4,4,5
2026-03-19 17:39:26,Sensor2,23.60,21.50,4,400,4,5,5
2026-03-19 17:39:27,Sensor2,23.60,21.50,10,400,4,5,5
2026-03-19 17:39:28,Sensor2,23.60,21.50,9,400,4,5,5
2026-03-19 17:39:29,Sensor2,23.60,21.50,7,400,4,5,5
2026-03-19 17:39:30,Sensor2,23.60,21.50,8,400,5,5,6
2026-03-19 17:39:31,Sensor2,23.60,21.50,5,400,5,5,6
2026-03-19 17:39:32,Sensor2,23.60,21.50,1,400,5,5,6
2026-03-19 17:39:34,Sensor2,23.60,21.50,9,400,5,5,6
2026-03-19 17:39:35,Sensor2,23.60,21.50,11,400,5,5,6
2026-03-19 17:39:36,Sensor2,23.60,21.50,1,400,5,5,6
2026-03-19 17:39:36,Sensor2,23.60,21.50,1,400,5,5,6
2026-03-19 17:39:37,Sensor2,23.60,21.50,5,400,5,5,6
2026-03-19 17:39:38,Sensor2,23.60,21.50,1,400,5,5,5
2026-03-19 17:39:39,Sensor2,23.60,21.50,4,400,5,5,5
2026-03-19 17:39:40,Sensor2,23.60,21.50,6,400,4,5,5
2026-03-19 17:39:41,Sensor2,23.60,21.50,10,400,4,5,5
2026-03-19 17:39:42,Sensor2,23.60,21.50,8,400,4,5,5
2026-03-19 17:39:43,Sensor2,23.60,21.50,7,400,4,5,5
2026-03-19 17:39:44,Sensor2,23.60,21.50,10,400,4,5,5
2026-03-19 17:39:45,Sensor2,23.60,21.50,13,400,4,5,5
2026-03-19 17:39:46,Sensor2,23.60,21.60,16,400,5,5,5
2026-03-19 17:39:47,Sensor2,23.60,21.60,11,400,5,5,5
2026-03-19 17:39:48,Sensor2,23.60,21.60,13,400,4,5,5
2026-03-19 17:39:50,Sensor2,23.60,21.60,14,400,4,5,5
2026-03-19 17:39:51,Sensor2,23.60,21.60,14,400,5,5,5
2026-03-19 17:39:51,Sensor2,23.60,21.60,19,400,5,5,5
2026-03-19 17:39:52,Sensor2,23.60,21.60,16,400,4,5,5
2026-03-19 17:39:53,Sensor2,23.60,21.60,11,400,4,5,5
2026-03-19 17:39:54,Sensor2,23.60,21.60,14,400,4,4,4
2026-03-19 17:39:55,Sensor2,23.60,21.60,16,400,4,4,4
2026-03-19 17:39:56,Sensor2,23.60,21.60,9,400,4,4,4
2026-03-19 17:39:57,Sensor2,23.60,21.60,9,400,4,4,4
2026-03-19 17:39:58,Sensor2,23.60,21.60,14,400,4,4,4
2026-03-19 17:39:59,Sensor2,23.60,21.60,16,400,4,4,4
2026-03-19 17:40:00,Sensor2,23.60,21.60,11,400,4,4,4
2026-03-19 17:40:01,Sensor2,23.60,21.60,20,400,4,4,4
2026-03-19 17:40:02,Sensor2,23.60,21.60,13,400,4,4,4
2026-03-19 17:40:04,Sensor2,23.60,21.60,20,400,3,3,3
2026-03-19 17:40:05,Sensor2,23.60,21.60,6,400,4,4,4
2026-03-19 17:40:06,Sensor2,23.60,21.60,1,400,4,4,4
2026-03-19 17:40:06,Sensor2,23.60,21.60,11,400,3,3,3
2026-03-19 17:40:07,Sensor2,23.60,21.60,3,400,3,3,3
2026-03-19 17:40:08,Sensor2,23.60,21.60,11,400,3,3,3
2026-03-19 17:40:09,Sensor2,23.60,21.60,8,400,3,3,3
2026-03-19 17:40:10,Sensor2,23.60,21.60,4,400,4,4,4
2026-03-19 17:40:11,Sensor2,23.60,21.60,11,400,4,4,4
2026-03-19 17:40:12,Sensor2,23.60,21.60,8,400,4,4,6
2026-03-19 17:40:13,Sensor2,23.60,21.60,6,400,4,4,6
2026-03-19 17:40:14,Sensor2,23.60,21.60,9,400,4,4,6
2026-03-19 17:40:15,Sensor2,23.60,21.60,7,400,4,4,6
2026-03-19 17:40:16,Sensor2,23.60,21.60,2,400,4,4,5
2026-03-19 17:40:17,Sensor2,23.60,21.60,3,400,4,4,5
2026-03-19 17:40:19,Sensor2,23.60,21.60,3,400,3,3,5
2026-03-19 17:40:20,Sensor2,23.60,21.60,10,400,3,3,5
2026-03-19 17:40:20,Sensor2,23.60,21.60,7,400,3,3,5
2026-03-19 17:40:21,Sensor2,23.60,21.60,9,400,3,3,5
2026-03-19 17:40:22,Sensor2,23.60,21.60,9,400,3,3,5
2026-03-19 17:40:23,Sensor2,23.60,21.60,8,400,3,3,5
2026-03-19 17:40:24,Sensor2,23.60,21.60,8,400,4,4,5
2026-03-19 17:40:25,Sensor2,23.60,21.60,11,400,4,4,5
2026-03-19 17:40:26,Sensor2,23.60,21.60,0,400,3,4,5
2026-03-19 17:40:27,Sensor2,23.60,21.60,10,400,3,4,5
2026-03-19 17:40:28,Sensor2,23.60,21.60,9,400,4,4,5
2026-03-19 17:40:29,Sensor2,23.60,21.60,7,400,4,4,5
2026-03-19 17:40:30,Sensor2,23.60,21.60,9,400,4,4,4
2026-03-19 17:40:31,Sensor2,23.60,21.60,11,400,4,4,4
2026-03-19 17:40:32,Sensor2,23.60,21.60,5,400,4,5,5
2026-03-19 17:40:34,Sensor2,23.60,21.60,8,400,5,5,5
2026-03-19 17:40:35,Sensor2,23.60,21.50,13,400,5,5,7
2026-03-19 17:40:35,Sensor2,23.60,21.50,14,400,5,5,7
2026-03-19 17:40:36,Sensor2,23.60,21.50,8,400,5,7,9
2026-03-19 17:40:37,Sensor2,23.60,21.50,14,400,5,7,9
2026-03-19 17:40:38,Sensor2,23.60,21.50,4,400,6,7,10
2026-03-19 17:40:39,Sensor2,23.60,21.50,3,400,6,7,10
2026-03-19 17:40:41,Sensor2,23.60,21.50,8,400,6,7,10
2026-03-19 17:40:42,Sensor2,23.60,21.50,1,400,5,7,9
2026-03-19 17:40:42,Sensor2,23.60,21.50,0,400,5,7,9
2026-03-19 17:40:43,Sensor2,23.60,21.50,4,400,5,7,9
2026-03-19 17:40:44,Sensor2,23.60,21.50,5,400,5,7,9
2026-03-19 17:40:45,Sensor2,23.60,21.50,0,400,5,7,9
2026-03-19 17:40:46,Sensor2,23.60,21.50,4,400,5,7,9
2026-03-19 17:40:47,Sensor2,23.60,21.50,5,400,5,6,9
2026-03-19 17:40:48,Sensor2,23.60,21.50,6,400,5,6,9
2026-03-19 17:40:49,Sensor2,23.60,21.50,4,400,4,5,7
2026-03-19 17:40:50,Sensor2,23.60,21.50,0,400,4,5,7
2026-03-19 17:40:51,Sensor2,23.60,21.50,4,400,5,6,7
2026-03-19 17:40:52,Sensor2,23.60,21.50,5,400,5,6,7
2026-03-19 17:40:53,Sensor2,23.60,21.50,2,400,5,6,6
2026-03-19 17:40:54,Sensor2,23.60,21.50,5,400,5,6,6
2026-03-19 17:40:56,Sensor2,23.60,21.50,7,400,4,4,5
2026-03-19 17:40:57,Sensor2,23.60,21.50,4,400,4,4,5
2026-03-19 17:40:57,Sensor2,23.60,21.50,3,400,3,3,5
2026-03-19 17:40:58,Sensor2,23.60,21.50,0,400,3,3,5
2026-03-19 17:40:59,Sensor2,23.60,21.50,11,400,4,4,5
2026-03-19 17:41:00,Sensor2,23.60,21.50,6,400,4,4,5
2026-03-19 17:41:01,Sensor2,23.60,21.50,1,400,4,4,6
2026-03-19 17:41:04,Sensor2,23.60,21.50,2,400,4,4,6
2026-03-19 17:41:05,Sensor2,23.60,21.50,0,400,4,4,6
2026-03-19 17:41:05,Sensor2,23.60,21.50,4,400,5,5,6
2026-03-19 17:41:06,Sensor2,23.60,21.50,5,400,5,5,6
2026-03-19 17:41:07,Sensor2,23.60,21.50,0,400,5,5,6
2026-03-19 17:41:08,Sensor2,23.60,21.50,0,400,5,5,6
2026-03-19 17:41:09,Sensor2,23.60,21.50,1,400,4,4,6
2026-03-19 17:41:10,Sensor2,23.60,21.50,2,400,4,4,6
2026-03-19 17:41:11,Sensor2,23.60,21.50,0,400,4,4,5
2026-03-19 17:41:12,Sensor2,23.60,21.50,2,400,4,4,5
2026-03-19 17:41:13,Sensor2,23.60,21.50,5,400,4,4,6
2026-03-19 17:41:14,Sensor2,23.60,21.50,7,400,4,4,6
2026-03-19 17:41:15,Sensor2,23.60,21.50,14,400,4,4,4
2026-03-19 17:41:16,Sensor2,23.60,21.50,4,400,4,4,4
2026-03-19 17:41:17,Sensor2,23.60,21.50,10,400,4,4,4
2026-03-19 17:41:18,Sensor2,23.60,21.50,10,400,4,4,4
2026-03-19 17:41:19,Sensor2,23.60,21.50,15,400,4,4,4
2026-03-19 17:41:20,Sensor2,23.60,21.50,16,400,4,4,4
2026-03-19 17:41:20,Sensor2,23.60,21.50,14,400,4,4,4
2026-03-19 17:41:21,Sensor2,23.60,21.50,17,400,4,4,4
2026-03-19 17:41:22,Sensor2,23.60,21.50,14,400,3,4,4
2026-03-19 17:41:23,Sensor2,23.60,21.50,12,400,3,4,4
2026-03-19 17:41:24,Sensor2,23.60,21.50,15,400,3,4,4
2026-03-19 17:41:25,Sensor2,23.60,21.50,18,400,3,4,4
2026-03-19 17:41:26,Sensor2,23.60,21.50,25,400,4,4,4
2026-03-19 17:41:27,Sensor2,23.60,21.50,20,400,4,4,4
2026-03-19 17:41:28,Sensor2,23.60,21.50,23,400,4,4,4
2026-03-19 17:41:29,Sensor2,23.60,21.50,18,400,4,4,4
2026-03-19 17:41:31,Sensor2,23.60,21.50,22,400,4,4,5
2026-03-19 17:41:32,Sensor2,23.60,21.50,24,400,4,4,5
2026-03-19 17:41:33,Sensor2,23.60,21.50,22,400,4,5,6
2026-03-19 17:41:34,Sensor2,23.60,21.50,21,400,4,5,6
2026-03-19 17:41:35,Sensor2,23.60,21.50,25,400,4,5,6
2026-03-19 17:41:35,Sensor2,23.60,21.50,23,400,4,5,6
2026-03-19 17:41:36,Sensor2,23.60,21.50,23,400,4,4,5
2026-03-19 17:41:37,Sensor2,23.60,21.50,19,400,4,4,5
2026-03-19 17:41:38,Sensor2,23.60,21.50,24,400,4,5,5
2026-03-19 17:41:39,Sensor2,23.60,21.50,20,400,4,5,5
2026-03-19 17:41:40,Sensor2,23.60,21.50,17,400,4,4,5
2026-03-19 17:41:41,Sensor2,23.60,21.50,22,400,4,4,5
2026-03-19 17:41:42,Sensor2,23.60,21.50,24,400,5,5,6
2026-03-19 17:41:43,Sensor2,23.60,21.50,23,400,5,5,6
2026-03-19 17:41:44,Sensor2,23.60,21.50,8,400,5,5,6
2026-03-19 17:41:46,Sensor2,23.60,21.50,15,400,4,5,5
2026-03-19 17:41:47,Sensor2,23.60,21.50,13,400,5,5,5
2026-03-19 17:41:48,Sensor2,23.60,21.50,12,400,5,5,5
2026-03-19 17:41:49,Sensor2,23.60,21.50,18,400,5,5,5
2026-03-19 17:41:49,Sensor2,23.60,21.50,8,400,5,5,5
2026-03-19 17:41:50,Sensor2,23.60,21.50,12,400,4,5,5
2026-03-19 17:41:51,Sensor2,23.60,21.50,11,400,4,5,5
2026-03-19 17:41:52,Sensor2,23.60,21.50,11,400,4,5,5
2026-03-19 17:41:53,Sensor2,23.60,21.50,17,400,4,5,5
2026-03-19 17:41:54,Sensor2,23.60,21.60,18,400,5,5,5
2026-03-19 17:41:55,Sensor2,23.60,21.60,17,400,5,5,5
2026-03-19 17:41:56,Sensor2,23.60,21.50,23,400,5,5,5
2026-03-19 17:41:57,Sensor2,23.60,21.50,17,400,5,5,5
2026-03-19 17:41:58,Sensor2,23.60,21.50,18,400,4,5,5
2026-03-19 17:42:00,Sensor2,23.60,21.50,22,400,4,5,5
2026-03-19 17:42:01,Sensor2,23.60,21.50,19,400,5,5,6
2026-03-19 17:42:02,Sensor2,23.60,21.50,17,400,5,5,6
2026-03-19 17:42:03,Sensor2,23.60,21.50,17,400,5,5,6
2026-03-19 17:42:04,Sensor2,23.60,21.50,10,400,5,5,6
2026-03-19 17:42:04,Sensor2,23.60,21.50,20,400,5,5,6
2026-03-19 17:42:05,Sensor2,23.60,21.50,18,400,5,5,6
2026-03-19 17:42:06,Sensor2,23.60,21.50,11,400,5,5,6
2026-03-19 17:42:07,Sensor2,23.60,21.50,22,400,5,5,6
2026-03-19 17:42:08,Sensor2,23.60,21.50,12,400,4,5,5
2026-03-19 17:42:09,Sensor2,23.60,21.50,20,400,4,5,5
2026-03-19 17:42:10,Sensor2,23.60,21.50,15,400,4,5,5
2026-03-19 17:42:11,Sensor2,23.60,21.50,19,400,4,5,5
2026-03-19 17:42:12,Sensor2,23.60,21.50,19,400,4,4,5
2026-03-19 17:42:13,Sensor2,23.60,21.50,15,400,4,4,5
2026-03-19 17:42:14,Sensor2,23.60,21.50,13,400,4,4,5
2026-03-19 17:42:16,Sensor2,23.60,21.50,20,400,5,5,5
2026-03-19 17:42:17,Sensor2,23.60,21.50,17,400,4,4,4
2026-03-19 17:42:18,Sensor2,23.60,21.50,11,400,4,4,4
2026-03-19 17:42:19,Sensor2,23.60,21.50,15,400,4,4,4
2026-03-19 17:42:19,Sensor2,23.60,21.50,17,400,4,4,4
2026-03-19 17:42:20,Sensor2,23.60,21.50,11,400,4,4,4
2026-03-19 17:42:21,Sensor2,23.60,21.50,12,400,4,4,4
2026-03-19 17:42:23,Sensor2,23.60,21.50,14,400,4,4,4
2026-03-19 17:42:24,Sensor2,23.60,21.50,5,400,5,5,5
2026-03-19 17:42:25,Sensor2,23.60,21.50,13,400,5,5,5
2026-03-19 17:42:26,Sensor2,23.60,21.50,17,400,5,5,5
2026-03-19 17:42:26,Sensor2,23.60,21.50,10,400,5,5,5
2026-03-19 17:42:27,Sensor2,23.60,21.50,11,400,5,5,5
2026-03-19 17:42:28,Sensor2,23.60,21.50,8,400,5,5,5
2026-03-19 17:42:29,Sensor2,23.60,21.50,5,400,5,5,5
2026-03-19 17:42:30,Sensor2,23.60,21.50,14,400,5,5,5
2026-03-19 17:42:31,Sensor2,23.60,21.50,7,400,5,5,5
2026-03-19 17:42:32,Sensor2,23.60,21.50,16,400,5,5,5
2026-03-19 17:42:33,Sensor2,23.60,21.50,4,400,5,5,5
2026-03-19 17:42:34,Sensor2,23.60,21.50,12,400,5,5,5
2026-03-19 17:42:35,Sensor2,23.60,21.50,5,400,5,5,5
2026-03-19 17:42:37,Sensor2,23.60,21.50,12,400,5,5,5
2026-03-19 17:42:38,Sensor2,23.60,21.50,7,400,5,5,5
2026-03-19 17:42:39,Sensor2,23.60,21.50,6,400,5,5,5
2026-03-19 17:42:40,Sensor2,23.60,21.50,0,400,5,5,5
2026-03-19 17:42:41,Sensor2,23.60,21.50,1,400,5,5,5
2026-03-19 17:42:41,Sensor2,23.60,21.50,0,400,4,4,4
2026-03-19 17:42:42,Sensor2,23.60,21.50,0,400,4,4,4
2026-03-19 17:42:43,Sensor2,23.60,21.50,0,400,4,4,4
2026-03-19 17:42:44,Sensor2,23.60,21.50,9,400,4,4,4
2026-03-19 17:42:45,Sensor2,23.60,21.50,0,400,4,4,4
2026-03-19 17:42:46,Sensor2,23.60,21.50,2,400,4,4,4
2026-03-19 17:42:47,Sensor2,23.60,21.50,0,400,5,5,5
2026-03-19 17:42:48,Sensor2,23.60,21.50,2,400,5,5,5
2026-03-19 17:42:49,Sensor2,23.60,21.50,1,400,4,4,4
2026-03-19 17:42:50,Sensor2,23.60,21.50,4,400,4,4,4
2026-03-19 17:42:52,Sensor2,23.60,21.50,12,400,4,4,5
2026-03-19 17:42:53,Sensor2,23.60,21.50,12,400,4,4,5
2026-03-19 17:42:54,Sensor2,23.60,21.50,6,400,4,4,5
2026-03-19 17:42:55,Sensor2,23.60,21.50,10,400,4,4,5
2026-03-19 17:42:56,Sensor2,23.60,21.50,9,400,4,4,5
2026-03-19 17:42:56,Sensor2,23.60,21.50,18,400,4,4,5
2026-03-19 17:42:57,Sensor2,23.60,21.50,12,400,4,4,6
2026-03-19 17:42:58,Sensor2,23.60,21.50,8,400,4,4,6
2026-03-19 17:42:59,Sensor2,23.60,21.50,8,400,5,5,7
2026-03-19 17:43:00,Sensor2,23.60,21.50,16,400,5,5,7
2026-03-19 17:43:01,Sensor2,23.60,21.50,13,400,5,5,7
2026-03-19 17:43:02,Sensor2,23.60,21.50,9,400,5,5,7
2026-03-19 17:43:03,Sensor2,23.60,21.50,22,400,6,6,7
2026-03-19 17:43:04,Sensor2,23.60,21.50,18,400,6,6,7
2026-03-19 17:43:05,Sensor2,23.60,21.50,4,400,5,6,7
2026-03-19 17:43:07,Sensor2,23.60,21.50,18,400,5,5,7
2026-03-19 17:43:08,Sensor2,23.60,21.50,19,400,5,5,7
2026-03-19 17:43:09,Sensor2,23.60,21.50,20,400,5,5,7
2026-03-19 17:43:10,Sensor2,23.60,21.50,20,400,5,5,6
2026-03-19 17:43:11,Sensor2,23.60,21.50,19,400,5,5,6
2026-03-19 17:43:11,Sensor2,23.60,21.50,23,400,5,6,6
2026-03-19 17:43:12,Sensor2,23.60,21.50,18,400,5,6,6
2026-03-19 17:43:13,Sensor2,23.60,21.50,22,400,5,6,9
2026-03-19 17:43:14,Sensor2,23.60,21.50,26,400,5,6,9
2026-03-19 17:43:15,Sensor2,23.60,21.50,27,400,5,5,7
2026-03-19 17:43:16,Sensor2,23.60,21.50,23,400,5,5,7
2026-03-19 17:43:17,Sensor2,23.60,21.50,24,400,4,5,6
2026-03-19 17:43:18,Sensor2,23.60,21.50,23,400,4,5,6
2026-03-19 17:43:19,Sensor2,23.60,21.50,16,400,4,5,6
2026-03-19 17:43:20,Sensor2,23.60,21.50,21,400,4,5,6
2026-03-19 17:43:22,Sensor2,23.60,21.50,20,400,4,5,6
2026-03-19 17:43:23,Sensor2,23.60,21.50,22,400,4,5,6
2026-03-19 17:43:24,Sensor2,23.60,21.50,21,400,5,5,7
2026-03-19 17:43:25,Sensor2,23.60,21.50,16,400,5,5,7
2026-03-19 17:43:26,Sensor2,23.60,21.50,17,400,5,6,9
2026-03-19 17:43:26,Sensor2,23.60,21.50,17,400,5,6,9
2026-03-19 17:43:27,Sensor2,23.60,21.50,14,400,5,6,9
2026-03-19 17:43:28,Sensor2,23.60,21.50,12,400,5,6,9
2026-03-19 17:43:29,Sensor2,23.60,21.50,14,400,5,6,7
2026-03-19 17:43:30,Sensor2,23.60,21.50,19,400,5,6,7
2026-03-19 17:43:31,Sensor2,23.60,21.50,15,400,5,5,5
2026-03-19 17:43:32,Sensor2,23.60,21.60,25,400,5,5,5
2026-03-19 17:43:33,Sensor2,23.60,21.60,23,400,5,6,6
2026-03-19 17:43:34,Sensor2,23.60,21.60,17,400,5,6,6
2026-03-19 17:43:35,Sensor2,23.60,21.60,21,400,5,5,5
2026-03-19 17:43:37,Sensor2,23.60,21.60,23,400,6,6,6
2026-03-19 17:43:38,Sensor2,23.60,21.60,22,400,5,6,6
2026-03-19 17:43:39,Sensor2,23.60,21.60,19,400,5,6,6
2026-03-19 17:43:40,Sensor2,23.60,21.60,26,400,5,6,7
2026-03-19 17:43:40,Sensor2,23.60,21.60,23,400,5,6,7
2026-03-19 17:43:41,Sensor2,23.60,21.60,30,400,5,6,9
2026-03-19 17:43:42,Sensor2,23.60,21.60,27,400,5,6,9
2026-03-19 17:43:43,Sensor2,23.60,21.60,22,400,5,5,9
2026-03-19 17:43:44,Sensor2,23.60,21.60,28,400,5,5,9
2026-03-19 17:43:45,Sensor2,23.60,21.60,32,400,5,5,9
2026-03-19 17:43:46,Sensor2,23.60,21.60,22,400,5,5,9
2026-03-19 17:43:47,Sensor2,23.60,21.60,32,404,5,5,9
2026-03-19 17:43:48,Sensor2,23.60,21.60,30,400,5,5,9
2026-03-19 17:43:49,Sensor2,23.60,21.60,30,401,4,5,9
2026-03-19 17:43:51,Sensor2,23.60,21.60,28,400,4,5,9
2026-03-19 17:43:52,Sensor2,23.60,21.60,36,404,4,5,8
2026-03-19 17:43:53,Sensor2,23.60,21.60,21,400,4,5,8
2026-03-19 17:43:54,Sensor2,23.60,21.60,23,400,4,4,7
2026-03-19 17:43:55,Sensor2,23.60,21.60,28,400,4,4,7
2026-03-19 17:43:55,Sensor2,23.60,21.60,24,400,4,5,9
2026-03-19 17:43:56,Sensor2,23.60,21.70,27,400,4,5,9
2026-03-19 17:43:57,Sensor2,23.60,21.70,31,400,4,5,6
2026-03-19 17:44:00,Sensor2,23.60,21.70,29,400,4,5,6
2026-03-19 17:44:00,Sensor2,23.60,21.70,30,400,4,5,5
2026-03-19 17:44:01,Sensor2,23.60,21.70,23,400,4,5,5
2026-03-19 17:44:02,Sensor2,23.60,21.70,27,400,4,5,5
2026-03-19 17:44:03,Sensor2,23.60,21.70,23,400,5,5,5
2026-03-19 17:44:04,Sensor2,23.60,21.70,21,400,5,5,5
2026-03-19 17:44:05,Sensor2,23.60,21.70,20,400,5,5,5
2026-03-19 17:44:06,Sensor2,23.60,21.70,22,400,5,5,5
2026-03-19 17:44:07,Sensor2,23.60,21.70,18,400,5,6,6
2026-03-19 17:44:08,Sensor2,23.60,21.70,16,400,5,6,6
2026-03-19 17:44:09,Sensor2,23.60,21.70,20,400,5,5,5
2026-03-19 17:44:10,Sensor2,23.60,21.70,17,400,5,5,5
2026-03-19 17:44:11,Sensor2,23.60,21.80,21,400,5,5,5
2026-03-19 17:44:13,Sensor2,23.60,21.80,14,400,6,6,6
2026-03-19 17:44:14,Sensor2,23.60,21.80,12,400,5,5,5
2026-03-19 17:44:15,Sensor2,23.60,21.80,17,400,5,5,5
2026-03-19 17:44:16,Sensor2,23.60,21.80,16,400,6,6,6
2026-03-19 17:44:16,Sensor2,23.60,21.80,22,400,6,6,6
2026-03-19 17:44:17,Sensor2,23.60,21.90,19,400,6,6,6
2026-03-19 17:44:18,Sensor2,23.60,21.90,17,400,6,6,6
2026-03-19 17:44:19,Sensor2,23.60,21.90,19,400,5,5,5
2026-03-19 17:44:20,Sensor2,23.60,21.90,13,400,5,5,5
2026-03-19 17:44:21,Sensor2,23.60,21.90,15,400,5,5,5
2026-03-19 17:44:22,Sensor2,23.60,21.90,9,400,5,5,5
2026-03-19 17:44:23,Sensor2,23.60,21.90,12,400,4,4,6
2026-03-19 17:44:24,Sensor2,23.60,21.90,12,400,4,4,6
2026-03-19 17:44:25,Sensor2,23.60,21.90,13,400,5,5,6
2026-03-19 17:44:26,Sensor2,23.60,21.90,13,400,5,5,6
2026-03-19 17:44:27,Sensor2,23.60,21.90,9,400,5,5,6
2026-03-19 17:44:28,Sensor2,23.60,21.90,9,400,5,5,6
2026-03-19 17:44:29,Sensor2,23.60,21.90,11,400,4,4,6
2026-03-19 17:44:30,Sensor2,23.60,21.90,13,400,4,4,6
2026-03-19 17:44:31,Sensor2,23.60,21.90,13,400,4,4,6
2026-03-19 17:44:32,Sensor2,23.60,21.90,18,400,4,4,6
2026-03-19 17:44:33,Sensor2,23.60,21.90,17,400,4,4,5
2026-03-19 17:44:34,Sensor2,23.60,21.90,16,400,4,4,5
2026-03-19 17:44:35,Sensor2,23.60,21.80,10,400,3,3,5
2026-03-19 17:44:36,Sensor2,23.60,21.80,21,402,3,3,5
2026-03-19 17:44:37,Sensor2,23.60,21.80,17,400,3,4,5
2026-03-19 17:44:38,Sensor2,23.60,21.80,19,400,3,4,5
2026-03-19 17:44:39,Sensor2,23.60,21.90,19,400,4,4,5
2026-03-19 17:44:40,Sensor2,23.60,21.90,16,400,4,4,5
2026-03-19 17:44:42,Sensor2,23.60,21.90,20,400,3,4,4
2026-03-19 17:44:43,Sensor2,23.60,21.90,14,400,3,4,4
2026-03-19 17:44:44,Sensor2,23.60,21.90,23,405,4,4,4
2026-03-19 17:44:45,Sensor2,23.60,21.90,25,402,4,4,4
2026-03-19 17:44:45,Sensor2,23.60,21.90,22,400,3,4,4
2026-03-19 17:44:46,Sensor2,23.60,21.90,21,400,3,4,4
2026-03-19 17:44:47,Sensor2,23.60,21.90,12,400,4,4,4
2026-03-19 17:44:48,Sensor2,23.60,21.90,17,400,4,4,4
2026-03-19 17:44:49,Sensor2,23.60,21.90,21,400,3,3,3
2026-03-19 17:44:50,Sensor2,23.60,21.90,13,400,3,3,3
2026-03-19 17:44:51,Sensor2,23.60,21.90,11,400,3,3,3
2026-03-19 17:44:52,Sensor2,23.60,21.90,21,400,3,3,3
2026-03-19 17:44:53,Sensor2,23.60,21.90,18,403,3,3,3
2026-03-19 17:44:54,Sensor2,23.60,21.90,23,401,3,3,3
2026-03-19 17:44:55,Sensor2,23.60,21.90,16,400,3,3,3
2026-03-19 17:44:56,Sensor2,23.60,21.90,19,400,3,3,3
2026-03-19 17:44:57,Sensor2,23.60,21.90,12,400,3,4,4
2026-03-19 17:44:58,Sensor2,23.60,21.90,17,400,3,4,4
2026-03-19 17:44:59,Sensor2,23.60,21.90,12,400,4,4,4
2026-03-19 17:45:00,Sensor2,23.60,21.90,12,400,4,4,4
2026-03-19 17:45:01,Sensor2,23.60,21.90,13,400,4,4,4
2026-03-19 17:45:02,Sensor2,23.60,21.90,14,400,4,4,4
2026-03-19 17:45:03,Sensor2,23.60,21.90,12,400,3,4,4
2026-03-19 17:45:04,Sensor2,23.60,21.90,14,400,3,4,4
2026-03-19 17:45:05,Sensor2,23.60,21.90,9,400,4,4,4
2026-03-19 17:45:06,Sensor2,23.60,21.90,16,400,4,4,4
2026-03-19 17:45:07,Sensor2,23.60,21.90,12,400,3,3,4
2026-03-19 17:45:08,Sensor2,23.60,21.90,8,400,3,3,4
2026-03-19 17:45:09,Sensor2,23.60,21.90,4,400,3,3,4
2026-03-19 17:45:10,Sensor2,23.60,21.90,2,400,3,3,4
2026-03-19 17:45:12,Sensor2,23.60,21.90,10,400,3,3,4
2026-03-19 17:45:13,Sensor2,23.60,21.90,0,400,3,3,4
2026-03-19 17:45:14,Sensor2,23.60,21.90,8,400,3,3,4
2026-03-19 17:45:15,Sensor2,23.60,21.90,11,400,3,3,4
2026-03-19 17:45:15,Sensor2,23.60,21.90,11,400,3,3,4
2026-03-19 17:45:16,Sensor2,23.60,21.90,9,400,3,3,4
2026-03-19 17:45:17,Sensor2,23.60,21.90,10,400,3,3,3
2026-03-19 17:45:18,Sensor2,23.60,21.90,12,400,3,3,3
2026-03-19 17:45:20,Sensor2,23.60,21.90,18,400,3,3,3
2026-03-19 17:45:20,Sensor2,23.60,21.90,10,405,3,3,3
2026-03-19 17:45:21,Sensor2,23.60,21.90,11,400,3,3,3
2026-03-19 17:45:22,Sensor2,23.60,21.90,18,400,2,2,2
2026-03-19 17:45:23,Sensor2,23.60,21.90,17,402,2,2,2
2026-03-19 17:45:24,Sensor2,23.60,21.90,16,402,2,3,3
2026-03-19 17:45:25,Sensor2,23.60,21.90,16,400,2,3,3
2026-03-19 17:45:26,Sensor2,23.60,21.90,9,400,2,3,3
2026-03-19 17:45:27,Sensor2,23.70,21.90,19,400,2,3,3
2026-03-19 17:45:28,Sensor2,23.70,21.90,20,400,3,3,3
2026-03-19 17:45:29,Sensor2,23.70,21.90,14,405,3,3,3
2026-03-19 17:45:30,Sensor2,23.70,21.90,20,400,3,4,4
2026-03-19 17:45:31,Sensor2,23.70,21.90,11,400,3,4,4
2026-03-19 17:45:32,Sensor2,23.70,21.90,12,400,3,3,3
2026-03-19 17:45:33,Sensor2,23.60,22.00,21,409,3,4,4
2026-03-19 17:45:34,Sensor2,23.60,22.00,15,406,4,4,4
2026-03-19 17:45:35,Sensor2,23.70,22.00,20,403,4,4,4
2026-03-19 17:45:36,Sensor2,23.70,22.00,19,407,3,4,4
2026-03-19 17:45:37,Sensor2,23.70,22.00,25,400,3,4,4
2026-03-19 17:45:38,Sensor2,23.70,22.00,17,400,3,4,4
2026-03-19 17:45:39,Sensor2,23.70,22.00,24,401,3,4,4
2026-03-19 17:45:40,Sensor2,23.70,22.00,22,401,4,5,5
2026-03-19 17:45:41,Sensor2,23.70,22.00,22,400,4,5,5
2026-03-19 17:45:42,Sensor2,23.70,22.00,25,401,4,4,4
2026-03-19 17:45:43,Sensor2,23.70,22.00,25,408,4,4,4
2026-03-19 17:45:44,Sensor2,23.70,22.00,25,405,4,4,4
2026-03-19 17:45:45,Sensor2,23.70,22.00,22,413,4,4,4
2026-03-19 17:45:46,Sensor2,23.70,22.00,24,402,4,4,4
2026-03-19 17:45:47,Sensor2,23.70,22.00,26,400,4,4,4
2026-03-19 17:45:48,Sensor2,23.70,22.00,21,407,3,4,5
2026-03-19 17:45:49,Sensor2,23.70,22.10,26,402,3,4,5
2026-03-19 17:45:50,Sensor2,23.70,22.10,21,400,3,4,4
2026-03-19 17:45:51,Sensor2,23.60,22.10,19,400,3,4,4
2026-03-19 17:45:52,Sensor2,23.60,22.10,15,404,3,3,4
2026-03-19 17:45:53,Sensor2,23.70,22.10,12,400,3,3,4
2026-03-19 17:45:54,Sensor2,23.70,22.10,11,400,3,4,4
2026-03-19 17:45:55,Sensor2,23.70,22.10,15,404,3,4,4
2026-03-19 17:45:56,Sensor2,23.70,22.10,15,400,3,4,4
2026-03-19 17:45:57,Sensor2,23.70,22.10,14,400,3,4,4
2026-03-19 17:45:58,Sensor2,23.70,22.10,21,400,3,3,4
2026-03-19 17:45:59,Sensor2,23.70,22.00,16,404,3,3,4
2026-03-19 17:46:00,Sensor2,23.70,22.00,25,406,3,3,4
2026-03-19 17:46:01,Sensor2,23.70,22.10,12,400,3,3,4
2026-03-19 17:46:02,Sensor2,23.70,22.10,13,400,3,3,4
2026-03-19 17:46:03,Sensor2,23.70,22.10,17,400,3,3,4
2026-03-19 17:46:04,Sensor2,23.70,22.10,16,400,3,3,7
2026-03-19 17:46:05,Sensor2,23.70,22.10,17,400,3,3,7
2026-03-19 17:46:06,Sensor2,23.70,22.10,13,400,3,4,10
2026-03-19 17:46:07,Sensor2,23.70,22.10,12,400,3,4,10
2026-03-19 17:46:08,Sensor2,23.70,22.10,7,400,3,4,10
2026-03-19 17:46:09,Sensor2,23.70,22.10,10,400,3,4,10
2026-03-19 17:46:10,Sensor2,23.70,22.10,8,400,3,4,10
2026-03-19 17:46:11,Sensor2,23.70,22.10,16,400,3,4,10
2026-03-19 17:46:12,Sensor2,23.70,22.10,8,400,4,4,11
2026-03-19 17:46:13,Sensor2,23.70,22.10,6,400,4,4,11
2026-03-19 17:46:14,Sensor2,23.70,22.10,6,400,4,4,11
2026-03-19 17:46:15,Sensor2,23.70,22.00,4,400,4,4,11
2026-03-19 17:46:16,Sensor2,23.70,22.00,5,400,4,5,11
2026-03-19 17:46:17,Sensor2,23.70,22.10,6,400,5,6,13
2026-03-19 17:46:18,Sensor2,23.70,22.10,3,400,5,6,13
2026-03-19 17:46:19,Sensor2,23.70,22.00,0,400,5,6,13
2026-03-19 17:46:20,Sensor2,23.70,22.00,0,400,5,6,14
2026-03-19 17:46:21,Sensor2,23.70,22.00,0,400,5,6,14
2026-03-19 17:46:22,Sensor2,23.70,22.00,0,400,5,6,10
2026-03-19 17:46:23,Sensor2,23.70,21.90,0,400,5,6,10
2026-03-19 17:46:24,Sensor2,23.70,21.90,0,400,5,6,9
2026-03-19 17:46:25,Sensor2,23.70,21.90,0,400,5,6,9
2026-03-19 17:46:26,Sensor2,23.70,21.90,0,400,5,5,9
2026-03-19 17:46:27,Sensor2,23.70,21.90,0,400,5,5,9
2026-03-19 17:46:28,Sensor2,23.70,21.90,1,400,5,6,9
2026-03-19 17:46:29,Sensor2,23.70,21.90,8,400,5,6,9
2026-03-19 17:46:30,Sensor2,23.70,21.90,0,400,4,5,7
2026-03-19 17:46:31,Sensor2,23.70,21.90,4,400,4,5,7
2026-03-19 17:46:32,Sensor2,23.70,21.90,9,400,4,5,10
2026-03-19 17:46:33,Sensor2,23.70,21.90,7,400,4,5,10
2026-03-19 17:46:34,Sensor2,23.70,21.90,7,400,4,5,9
2026-03-19 17:46:35,Sensor2,23.70,21.90,7,401,4,5,9
2026-03-19 17:46:36,Sensor2,23.70,21.90,14,407,4,5,9
2026-03-19 17:46:37,Sensor2,23.70,21.90,12,400,4,5,9
2026-03-19 17:46:38,Sensor2,23.70,21.90,18,412,4,5,7
2026-03-19 17:46:39,Sensor2,23.70,21.90,22,408,4,5,7
2026-03-19 17:46:40,Sensor2,23.70,21.90,19,405,4,4,7
2026-03-19 17:46:41,Sensor2,23.70,21.90,18,414,4,4,7
2026-03-19 17:46:42,Sensor2,23.70,21.90,19,410,4,4,6
2026-03-19 17:46:43,Sensor2,23.70,21.90,22,412,4,4,6
2026-03-19 17:46:44,Sensor2,23.70,21.90,22,412,4,4,7
2026-03-19 17:46:45,Sensor2,23.70,21.90,23,407,4,4,7
2026-03-19 17:46:46,Sensor2,23.70,21.90,27,411,4,4,6
2026-03-19 17:46:47,Sensor2,23.70,21.90,29,417,3,3,6
2026-03-19 17:46:48,Sensor2,23.70,21.90,21,400,3,3,6
2026-03-19 17:46:49,Sensor2,23.70,21.90,22,400,3,3,6
2026-03-19 17:46:50,Sensor2,23.70,21.90,27,409,3,3,3
2026-03-19 17:46:51,Sensor2,23.70,21.90,20,400,3,3,3
2026-03-19 17:46:52,Sensor2,23.70,21.90,20,400,3,4,4
2026-03-19 17:46:53,Sensor2,23.70,21.90,22,405,3,4,4
2026-03-19 17:46:54,Sensor2,23.70,21.90,16,402,3,3,3
2026-03-19 17:46:55,Sensor2,23.70,21.90,22,400,3,3,3
2026-03-19 17:46:56,Sensor2,23.70,21.90,22,400,2,2,2
2026-03-19 17:46:57,Sensor2,23.70,21.90,19,400,2,2,2
2026-03-19 17:46:58,Sensor2,23.70,21.90,22,400,3,3,3
2026-03-19 17:46:59,Sensor2,23.70,21.90,21,400,3,3,3
2026-03-19 17:47:00,Sensor2,23.70,21.90,25,400,3,3,3
2026-03-19 17:47:01,Sensor2,23.70,21.90,22,400,3,3,3
2026-03-19 17:47:02,Sensor2,23.70,21.90,19,400,3,4,4
2026-03-19 17:47:03,Sensor2,23.70,21.90,16,400,3,4,4
2026-03-19 17:47:04,Sensor2,23.70,21.90,17,400,4,4,4
2026-03-19 17:47:05,Sensor2,23.70,21.90,17,400,4,4,4
2026-03-19 17:47:06,Sensor2,23.70,21.90,19,400,4,4,5
2026-03-19 17:47:07,Sensor2,23.80,21.90,13,400,4,4,5
2026-03-19 17:47:08,Sensor2,23.80,21.90,20,400,4,4,5
2026-03-19 17:47:09,Sensor2,23.70,22.00,12,400,4,4,5
2026-03-19 17:47:10,Sensor2,23.70,22.00,14,400,4,4,5
2026-03-19 17:47:11,Sensor2,23.70,22.00,18,401,4,4,5
2026-03-19 17:47:12,Sensor2,23.70,22.00,13,400,4,5,5
2026-03-19 17:47:13,Sensor2,23.70,22.00,20,400,4,5,5
2026-03-19 17:47:14,Sensor2,23.70,22.00,14,400,4,5,5
2026-03-19 17:47:15,Sensor2,23.70,22.00,11,400,4,5,5
2026-03-19 17:47:16,Sensor2,23.70,22.00,12,400,4,5,5
2026-03-19 17:47:17,Sensor2,23.70,22.10,19,408,4,4,5
2026-03-19 17:47:18,Sensor2,23.70,22.10,23,412,4,4,5
2026-03-19 17:47:19,Sensor2,23.70,22.00,18,405,4,4,5
2026-03-19 17:47:20,Sensor2,23.70,22.00,19,407,3,4,4
2026-03-19 17:47:21,Sensor2,23.70,22.10,13,401,3,4,4
2026-03-19 17:47:22,Sensor2,23.70,22.10,17,408,3,4,4
2026-03-19 17:47:23,Sensor2,23.70,22.10,18,405,3,4,4
2026-03-19 17:47:24,Sensor2,23.70,22.10,16,401,3,3,3
2026-03-19 17:47:25,Sensor2,23.70,22.10,16,403,3,3,3
2026-03-19 17:47:26,Sensor2,23.70,22.10,17,405,3,3,3
2026-03-19 17:47:27,Sensor2,23.80,22.10,18,401,3,3,3
2026-03-19 17:47:28,Sensor2,23.80,22.10,15,400,2,3,3
2026-03-19 17:47:29,Sensor2,23.80,22.20,8,400,2,3,3
2026-03-19 17:47:30,Sensor2,23.80,22.20,13,401,2,3,3
2026-03-19 17:47:31,Sensor2,23.70,22.20,7,400,3,3,3
2026-03-19 17:47:32,Sensor2,23.70,22.20,15,400,2,3,3
2026-03-19 17:47:33,Sensor2,23.80,22.20,7,403,2,3,3
2026-03-19 17:47:34,Sensor2,23.80,22.20,16,400,3,3,3
2026-03-19 17:47:35,Sensor2,23.70,22.20,14,400,3,3,3
2026-03-19 17:47:36,Sensor2,23.70,22.20,10,400,3,4,4
2026-03-19 17:47:37,Sensor2,23.70,22.20,11,400,3,4,4
2026-03-19 17:47:38,Sensor2,23.70,22.20,6,400,3,4,4
2026-03-19 17:47:39,Sensor2,23.80,22.20,14,400,3,4,4
2026-03-19 17:47:40,Sensor2,23.80,22.20,12,408,3,3,3
2026-03-19 17:47:41,Sensor2,23.80,22.20,12,400,3,3,3
2026-03-19 17:47:42,Sensor2,23.80,22.20,5,400,3,3,3
2026-03-19 17:47:43,Sensor2,23.70,22.20,15,404,3,3,3
2026-03-19 17:47:44,Sensor2,23.70,22.20,10,400,3,4,4
2026-03-19 17:47:45,Sensor2,23.80,22.20,10,400,3,4,4
2026-03-19 17:47:46,Sensor2,23.80,22.20,7,400,3,4,4
2026-03-19 17:47:47,Sensor2,23.80,22.20,2,400,3,3,3
2026-03-19 17:47:48,Sensor2,23.80,22.20,10,400,3,4,4
2026-03-19 17:47:49,Sensor2,23.80,22.20,0,400,3,4,4
2026-03-19 17:47:50,Sensor2,23.80,22.20,8,400,3,3,3
2026-03-19 17:47:51,Sensor2,23.80,22.30,8,400,3,3,3
2026-03-19 17:47:52,Sensor2,23.80,22.30,11,404,2,3,3
2026-03-19 17:47:53,Sensor2,23.80,22.30,4,404,2,3,3
2026-03-19 17:47:54,Sensor2,23.80,22.30,6,400,2,3,3
2026-03-19 17:47:55,Sensor2,23.80,22.30,8,409,2,3,3
2026-03-19 17:47:56,Sensor2,23.80,22.30,8,401,3,3,3
2026-03-19 17:47:57,Sensor2,23.70,22.30,6,406,3,3,3
2026-03-19 17:47:58,Sensor2,23.70,22.30,7,411,3,3,3
2026-03-19 17:47:59,Sensor2,23.70,22.30,12,412,3,3,3
2026-03-19 17:48:00,Sensor2,23.70,22.30,11,400,3,3,3
2026-03-19 17:48:01,Sensor2,23.80,22.30,8,404,2,2,2
2026-03-19 17:48:02,Sensor2,23.80,22.30,7,400,3,3,3
2026-03-19 17:48:03,Sensor2,23.70,22.40,3,400,3,3,3
2026-03-19 17:48:04,Sensor2,23.70,22.40,7,400,4,4,4
2026-03-19 17:48:05,Sensor2,23.80,22.30,13,400,4,4,4
2026-03-19 17:48:06,Sensor2,23.80,22.30,9,406,4,4,5
2026-03-19 17:48:07,Sensor2,23.80,22.40,14,400,4,4,5
2026-03-19 17:48:08,Sensor2,23.80,22.40,5,400,4,4,6
2026-03-19 17:48:09,Sensor2,23.80,22.40,9,400,4,4,6
2026-03-19 17:48:10,Sensor2,23.80,22.40,13,401,4,4,5
2026-03-19 17:48:11,Sensor2,23.80,22.40,14,412,4,4,5
2026-03-19 17:48:12,Sensor2,23.80,22.40,15,409,3,4,5
2026-03-19 17:48:13,Sensor2,23.80,22.40,20,400,3,4,5
2026-03-19 17:48:14,Sensor2,23.80,22.40,11,410,4,4,6
2026-03-19 17:48:15,Sensor2,23.80,22.40,10,400,4,4,6
2026-03-19 17:48:16,Sensor2,23.80,22.40,10,403,4,4,6
2026-03-19 17:48:17,Sensor2,23.80,22.40,6,403,4,4,6
2026-03-19 17:48:18,Sensor2,23.80,22.40,15,400,4,4,6
2026-03-19 17:48:19,Sensor2,23.80,22.40,17,401,4,4,6
2026-03-19 17:48:20,Sensor2,23.80,22.40,9,402,3,4,5
2026-03-19 17:48:21,Sensor2,23.80,22.40,16,400,3,4,5
2026-03-19 17:48:22,Sensor2,23.80,22.40,13,400,3,4,5
2026-03-19 17:48:23,Sensor2,23.80,22.40,10,406,3,4,5
2026-03-19 17:48:24,Sensor2,23.80,22.40,17,400,3,4,4
2026-03-19 17:48:25,Sensor2,23.80,22.40,3,400,3,4,4
2026-03-19 17:48:26,Sensor2,23.80,22.40,12,400,3,3,3
2026-03-19 17:48:27,Sensor2,23.80,22.40,8,400,3,3,3
2026-03-19 17:48:28,Sensor2,23.80,22.40,5,400,3,3,4
2026-03-19 17:48:29,Sensor2,23.80,22.50,6,400,3,3,4
2026-03-19 17:48:30,Sensor2,23.80,22.50,4,400,3,3,4
2026-03-19 17:48:31,Sensor2,23.80,22.40,5,400,3,3,4
2026-03-19 17:48:32,Sensor2,23.80,22.40,5,400,3,3,4
2026-03-19 17:48:33,Sensor2,23.80,22.50,0,400,3,3,4
2026-03-19 17:48:34,Sensor2,23.80,22.50,0,400,3,3,4
2026-03-19 17:48:35,Sensor2,23.80,22.40,0,400,3,3,4
2026-03-19 17:48:36,Sensor2,23.80,22.40,0,400,3,3,4
2026-03-19 17:48:37,Sensor2,23.80,22.40,5,400,3,3,4
2026-03-19 17:48:38,Sensor2,23.80,22.40,7,400,2,3,3
2026-03-19 17:48:39,Sensor2,23.80,22.40,3,400,2,3,3
2026-03-19 17:48:40,Sensor2,23.80,22.40,0,400,2,2,3
2026-03-19 17:48:41,Sensor2,23.80,22.50,9,405,2,2,3
2026-03-19 17:48:42,Sensor2,23.80,22.50,0,400,2,2,3
2026-03-19 17:48:43,Sensor2,23.80,22.50,11,401,2,2,3
2026-03-19 17:48:44,Sensor2,23.80,22.50,6,400,2,2,3
2026-03-19 17:48:45,Sensor2,23.80,22.50,1,400,2,3,3
2026-03-19 17:48:46,Sensor2,23.80,22.50,0,400,2,3,3
2026-03-19 17:48:47,Sensor2,23.80,22.60,2,400,2,3,3
2026-03-19 17:48:48,Sensor2,23.80,22.60,3,400,2,2,3
2026-03-19 17:48:49,Sensor2,23.80,22.60,0,400,2,2,3
2026-03-19 17:48:50,Sensor2,23.80,22.60,9,405,2,3,5
2026-03-19 17:48:51,Sensor2,23.80,22.60,5,404,2,3,5
2026-03-19 17:48:52,Sensor2,23.80,22.60,11,411,3,3,5
2026-03-19 17:48:53,Sensor2,23.80,22.60,15,414,3,3,5
2026-03-19 17:48:54,Sensor2,23.80,22.60,17,420,3,4,6
2026-03-19 17:48:55,Sensor2,23.80,22.60,16,414,3,4,6
2026-03-19 17:48:56,Sensor2,23.80,22.60,12,425,3,4,6
2026-03-19 17:48:57,Sensor2,23.80,22.60,24,416,3,4,6
2026-03-19 17:48:58,Sensor2,23.80,22.60,18,424,4,5,7
2026-03-19 17:48:59,Sensor2,23.80,22.70,20,419,4,5,7
2026-03-19 17:49:00,Sensor2,23.80,22.70,21,421,4,5,7
2026-03-19 17:49:01,Sensor2,23.80,22.70,10,418,4,5,7
2026-03-19 17:49:02,Sensor2,23.80,22.70,16,411,4,5,7
2026-03-19 17:49:03,Sensor2,23.80,22.70,17,410,4,5,7
2026-03-19 17:49:04,Sensor2,23.80,22.70,14,406,5,5,9
2026-03-19 17:49:05,Sensor2,23.80,22.70,16,408,5,5,9
2026-03-19 17:49:06,Sensor2,23.80,22.70,10,400,5,6,7
2026-03-19 17:49:07,Sensor2,23.80,22.70,8,400,5,6,7
2026-03-19 17:49:08,Sensor2,23.80,22.70,15,404,5,6,6
2026-03-19 17:49:09,Sensor2,23.80,22.70,4,405,5,6,6
2026-03-19 17:49:10,Sensor2,23.80,22.70,5,400,4,5,5
2026-03-19 17:49:11,Sensor2,23.80,22.70,15,410,4,5,5
2026-03-19 17:49:12,Sensor2,23.80,22.70,10,408,5,5,5
2026-03-19 17:49:13,Sensor2,23.80,22.70,13,413,5,5,5
2026-03-19 17:49:14,Sensor2,23.80,22.70,4,409,5,5,5
2026-03-19 17:49:15,Sensor2,23.80,22.70,4,403,4,5,5
2026-03-19 17:49:16,Sensor2,23.80,22.70,7,400,4,5,5
2026-03-19 17:49:17,Sensor2,23.80,22.70,2,403,4,5,5
2026-03-19 17:49:18,Sensor2,23.80,22.70,11,414,4,5,5
2026-03-19 17:49:19,Sensor2,23.80,22.70,9,407,4,5,5
2026-03-19 17:49:20,Sensor2,23.80,22.70,7,411,4,4,4
2026-03-19 17:49:21,Sensor2,23.80,22.80,12,412,4,4,4
2026-03-19 17:49:22,Sensor2,23.80,22.80,9,412,4,4,4
2026-03-19 17:49:23,Sensor2,23.80,22.70,22,422,4,4,4
2026-03-19 17:49:24,Sensor2,23.80,22.70,14,422,4,4,4
2026-03-19 17:49:25,Sensor2,23.80,22.80,5,412,4,4,4
2026-03-19 17:49:26,Sensor2,23.80,22.80,16,412,4,4,4
2026-03-19 17:49:27,Sensor2,23.80,22.80,17,410,4,4,4
2026-03-19 17:49:28,Sensor2,23.80,22.80,10,407,4,4,4
2026-03-19 17:49:29,Sensor2,23.80,22.80,14,408,4,4,4
2026-03-19 17:49:30,Sensor2,23.80,22.80,11,408,4,4,4
2026-03-19 17:49:31,Sensor2,23.80,22.80,17,414,4,4,4
2026-03-19 17:49:32,Sensor2,23.80,22.80,14,409,4,4,4
2026-03-19 17:49:33,Sensor2,23.80,22.80,16,411,4,4,4
2026-03-19 17:49:34,Sensor2,23.80,22.80,20,418,4,4,4
