timestamp,sensor_id,temp_C,hum_%,TVOC_ppb,eCO2_ppm,PM1_0,PM2_5,PM10
2026-03-19 17:16:13,Sensor1,22.90,22.10,0,400,2,4,4
2026-03-19 17:16:14,Sensor1,22.90,22.10,0,413,3,5,5
2026-03-19 17:16:15,Sensor1,22.90,22.00,0,421,4,5,6
2026-03-19 17:16:16,Sensor1,22.90,22.00,0,419,4,5,6
2026-03-19 17:16:16,Sensor1,22.90,22.00,0,417,2,4,5
2026-03-19 17:16:17,Sensor1,22.90,22.00,0,407,2,4,5
2026-03-19 17:16:18,Sensor1,22.90,22.00,0,410,2,4,5
2026-03-19 17:16:19,Sensor1,22.90,22.00,0,400,3,5,6
2026-03-19 17:16:20,Sensor1,22.90,22.00,0,407,3,4,6
2026-03-19 17:16:21,Sensor1,22.90,22.00,0,407,3,4,6
2026-03-19 17:16:22,Sensor1,22.90,22.00,0,414,3,5,6
2026-03-19 17:16:23,Sensor1,22.90,22.00,0,406,3,5,6
2026-03-19 17:16:24,Sensor1,22.90,22.00,0,416,3,4,6
2026-03-19 17:16:26,Sensor1,22.90,22.00,0,408,3,4,6
2026-03-19 17:16:27,Sensor1,22.90,22.00,0,411,3,4,6
2026-03-19 17:16:28,Sensor1,22.90,22.00,0,407,3,4,6
2026-03-19 17:16:29,Sensor1,22.90,22.00,0,415,4,5,7
2026-03-19 17:16:30,Sensor1,22.90,22.00,0,402,4,5,7
2026-03-19 17:16:31,Sensor1,22.90,22.00,0,402,4,5,7
2026-03-19 17:16:31,Sensor1,22.90,22.00,0,404,4,5,7
2026-03-19 17:16:32,Sensor1,22.90,22.00,0,400,3,5,6
2026-03-19 17:16:33,Sensor1,22.90,22.00,0,400,3,5,6
2026-03-19 17:16:34,Sensor1,22.90,22.00,0,402,2,3,4
2026-03-19 17:16:35,Sensor1,22.90,22.00,0,400,2,3,4
2026-03-19 17:16:36,Sensor1,22.90,22.00,0,400,2,3,4
2026-03-19 17:16:37,Sensor1,22.90,22.00,0,400,2,3,4
2026-03-19 17:16:38,Sensor1,22.90,22.00,0,400,4,4,4
2026-03-19 17:16:39,Sensor1,22.90,22.00,0,400,4,4,4
2026-03-19 17:16:41,Sensor1,22.90,22.00,0,400,3,4,4
2026-03-19 17:16:42,Sensor1,22.90,22.00,0,401,3,4,4
2026-03-19 17:16:43,Sensor1,22.90,22.00,0,400,3,4,4
2026-03-19 17:16:44,Sensor1,22.90,22.00,0,400,2,3,3
2026-03-19 17:16:45,Sensor1,22.90,21.90,0,400,2,3,5
2026-03-19 17:16:45,Sensor1,22.90,21.90,0,400,2,3,5
2026-03-19 17:16:46,Sensor1,22.90,21.90,0,400,2,3,5
2026-03-19 17:16:47,Sensor1,22.90,21.90,0,401,2,3,5
2026-03-19 17:16:48,Sensor1,22.90,21.90,0,406,2,3,5
2026-03-19 17:16:49,Sensor1,22.90,21.90,0,408,1,2,4
2026-03-19 17:16:50,Sensor1,22.90,21.90,0,406,1,2,3
2026-03-19 17:16:51,Sensor1,22.90,21.90,0,403,1,2,3
2026-03-19 17:16:52,Sensor1,22.90,21.90,0,400,1,2,3
2026-03-19 17:16:53,Sensor1,22.90,21.90,0,404,2,3,4
2026-03-19 17:16:54,Sensor1,22.90,21.90,0,403,2,3,4
2026-03-19 17:16:56,Sensor1,22.90,21.90,0,402,2,3,5
2026-03-19 17:16:57,Sensor1,22.90,21.90,0,410,2,3,5
2026-03-19 17:16:58,Sensor1,22.90,21.90,0,400,2,3,5
2026-03-19 17:16:59,Sensor1,22.90,21.90,0,400,2,3,5
2026-03-19 17:17:00,Sensor1,22.90,21.90,0,400,2,3,5
2026-03-19 17:17:00,Sensor1,22.90,21.80,0,400,2,3,6
2026-03-19 17:17:01,Sensor1,22.90,21.80,0,400,2,3,6
2026-03-19 17:17:02,Sensor1,22.90,21.80,0,404,2,4,5
2026-03-19 17:17:03,Sensor1,22.90,21.80,0,401,2,4,5
2026-03-19 17:17:04,Sensor1,23.00,21.80,0,400,3,4,5
2026-03-19 17:17:05,Sensor1,23.00,21.80,0,400,3,4,5
2026-03-19 17:17:06,Sensor1,22.90,21.80,0,408,3,4,5
2026-03-19 17:17:07,Sensor1,22.90,21.80,0,416,3,4,5
2026-03-19 17:17:08,Sensor1,22.90,21.80,0,410,3,4,6
2026-03-19 17:17:10,Sensor1,22.90,21.80,0,411,3,4,5
2026-03-19 17:17:11,Sensor1,22.90,21.80,0,413,3,4,6
2026-03-19 17:17:12,Sensor1,22.90,21.80,0,410,3,4,6
2026-03-19 17:17:13,Sensor1,22.90,21.80,0,403,2,3,5
2026-03-19 17:17:14,Sensor1,22.90,21.80,0,400,2,3,5
2026-03-19 17:17:15,Sensor1,22.90,21.80,0,400,2,3,5
2026-03-19 17:17:15,Sensor1,22.90,21.80,0,410,2,3,5
2026-03-19 17:17:16,Sensor1,22.90,21.70,0,409,4,5,6
2026-03-19 17:17:17,Sensor1,22.90,21.70,0,400,4,5,6
2026-03-19 17:17:18,Sensor1,22.90,21.70,0,400,4,5,5
2026-03-19 17:17:19,Sensor1,22.90,21.70,0,407,4,5,5
2026-03-19 17:17:20,Sensor1,22.90,21.60,0,406,4,5,5
2026-03-19 17:17:21,Sensor1,22.90,21.60,0,409,4,5,5
2026-03-19 17:17:22,Sensor1,22.90,21.60,0,409,4,5,5
2026-03-19 17:17:23,Sensor1,22.90,21.60,0,412,4,5,5
2026-03-19 17:17:25,Sensor1,22.90,21.60,0,415,4,6,6
2026-03-19 17:17:26,Sensor1,22.90,21.60,0,411,4,6,6
2026-03-19 17:17:27,Sensor1,22.90,21.60,0,404,5,7,8
2026-03-19 17:17:28,Sensor1,22.90,21.60,0,412,5,7,8
2026-03-19 17:17:29,Sensor1,23.00,21.60,0,406,5,7,10
2026-03-19 17:17:30,Sensor1,23.00,21.60,0,412,5,7,10
2026-03-19 17:17:31,Sensor1,22.90,21.60,0,417,5,7,10
2026-03-19 17:17:32,Sensor1,22.90,21.60,0,412,5,7,10
2026-03-19 17:17:33,Sensor1,22.90,21.60,0,423,5,7,10
2026-03-19 17:17:34,Sensor1,22.90,21.60,0,417,5,7,10
2026-03-19 17:17:35,Sensor1,22.90,21.60,0,431,3,6,9
2026-03-19 17:17:36,Sensor1,22.90,21.60,0,417,3,6,9
2026-03-19 17:17:37,Sensor1,22.90,21.60,0,426,3,6,9
2026-03-19 17:17:38,Sensor1,22.90,21.60,0,430,4,6,9
2026-03-19 17:17:39,Sensor1,22.90,21.60,0,419,4,6,9
2026-03-19 17:17:40,Sensor1,22.90,21.60,0,422,4,6,9
2026-03-19 17:17:41,Sensor1,22.90,21.60,0,411,4,6,9
2026-03-19 17:17:42,Sensor1,22.90,21.60,0,416,4,6,9
2026-03-19 17:17:43,Sensor1,22.90,21.60,0,421,4,6,9
2026-03-19 17:17:44,Sensor1,22.90,21.60,0,419,4,6,9
2026-03-19 17:17:45,Sensor1,22.90,21.60,0,410,4,6,7
2026-03-19 17:17:46,Sensor1,22.90,21.60,0,412,4,6,7
2026-03-19 17:17:47,Sensor1,22.90,21.60,0,425,3,5,6
2026-03-19 17:17:48,Sensor1,22.90,21.60,0,419,3,5,6
2026-03-19 17:17:49,Sensor1,22.90,21.60,0,420,3,5,5
2026-03-19 17:17:50,Sensor1,22.90,21.60,0,425,3,5,5
2026-03-19 17:17:51,Sensor1,22.90,21.60,0,431,4,6,6
2026-03-19 17:17:52,Sensor1,22.90,21.60,0,414,4,6,6
2026-03-19 17:17:53,Sensor1,22.90,21.60,0,421,4,6,6
2026-03-19 17:17:54,Sensor1,22.90,21.60,0,422,4,6,6
2026-03-19 17:17:55,Sensor1,22.90,21.60,0,416,4,6,7
2026-03-19 17:17:56,Sensor1,22.90,21.60,0,421,4,6,7
2026-03-19 17:17:57,Sensor1,22.90,21.60,0,419,4,6,6
2026-03-19 17:17:58,Sensor1,22.90,21.60,0,417,4,6,6
2026-03-19 17:17:59,Sensor1,22.90,21.60,0,423,4,5,6
2026-03-19 17:18:00,Sensor1,22.90,21.60,0,416,4,5,6
2026-03-19 17:18:01,Sensor1,22.90,21.60,0,431,4,5,6
2026-03-19 17:18:02,Sensor1,22.90,21.60,0,422,4,5,6
2026-03-19 17:18:03,Sensor1,22.90,21.60,0,418,4,5,6
2026-03-19 17:18:04,Sensor1,22.90,21.60,0,425,4,5,6
2026-03-19 17:18:05,Sensor1,22.90,21.50,0,423,4,5,5
2026-03-19 17:18:06,Sensor1,22.90,21.50,0,418,4,5,5
2026-03-19 17:18:07,Sensor1,22.90,21.50,0,412,4,5,5
2026-03-19 17:18:08,Sensor1,22.90,21.50,0,418,4,5,5
2026-03-19 17:18:09,Sensor1,22.90,21.60,0,406,4,5,7
2026-03-19 17:18:10,Sensor1,22.90,21.60,0,413,4,5,7
2026-03-19 17:18:11,Sensor1,22.90,21.50,0,413,3,5,6
2026-03-19 17:18:12,Sensor1,22.90,21.50,0,422,3,5,6
2026-03-19 17:18:13,Sensor1,22.90,21.50,0,414,4,5,7
2026-03-19 17:18:14,Sensor1,22.90,21.50,0,420,4,5,7
2026-03-19 17:18:15,Sensor1,22.90,21.50,0,425,4,6,7
2026-03-19 17:18:16,Sensor1,22.90,21.50,0,422,4,6,7
2026-03-19 17:18:17,Sensor1,22.90,21.50,0,417,4,6,8
2026-03-19 17:18:18,Sensor1,22.90,21.50,0,418,4,6,8
2026-03-19 17:18:19,Sensor1,22.90,21.50,0,409,4,6,7
2026-03-19 17:18:20,Sensor1,22.90,21.50,0,415,4,6,7
2026-03-19 17:18:21,Sensor1,22.90,21.50,0,405,4,5,7
2026-03-19 17:18:22,Sensor1,22.90,21.50,0,400,4,5,8
2026-03-19 17:18:23,Sensor1,22.90,21.60,0,400,4,6,8
2026-03-19 17:18:24,Sensor1,22.90,21.60,0,400,4,6,8
2026-03-19 17:18:25,Sensor1,22.90,21.60,0,400,4,6,8
2026-03-19 17:18:26,Sensor1,22.90,21.60,0,400,4,6,8
2026-03-19 17:18:27,Sensor1,22.90,21.60,0,400,4,5,6
2026-03-19 17:18:28,Sensor1,22.90,21.60,0,400,4,5,6
2026-03-19 17:18:29,Sensor1,23.00,21.60,0,400,5,6,7
2026-03-19 17:18:30,Sensor1,23.00,21.60,0,400,5,6,7
2026-03-19 17:18:31,Sensor1,23.00,21.60,0,400,5,6,7
2026-03-19 17:18:32,Sensor1,23.00,21.60,0,400,4,5,6
2026-03-19 17:18:33,Sensor1,22.90,21.50,0,400,4,5,6
2026-03-19 17:18:34,Sensor1,22.90,21.50,0,400,4,5,6
2026-03-19 17:18:35,Sensor1,23.00,21.50,0,400,5,6,7
2026-03-19 17:18:36,Sensor1,23.00,21.50,0,400,5,6,7
2026-03-19 17:18:37,Sensor1,23.00,21.50,0,400,5,7,7
2026-03-19 17:18:38,Sensor1,23.00,21.50,0,400,5,7,7
2026-03-19 17:18:39,Sensor1,22.90,21.50,0,400,5,7,7
2026-03-19 17:18:40,Sensor1,22.90,21.50,0,400,5,7,7
2026-03-19 17:18:41,Sensor1,22.90,21.40,0,400,5,8,8
2026-03-19 17:18:42,Sensor1,22.90,21.40,0,400,5,8,8
2026-03-19 17:18:43,Sensor1,22.90,21.40,0,400,5,7,7
2026-03-19 17:18:44,Sensor1,22.90,21.40,0,400,5,7,7
2026-03-19 17:18:45,Sensor1,22.90,21.40,0,400,5,8,8
2026-03-19 17:18:48,Sensor1,22.90,21.40,0,400,5,8,8
2026-03-19 17:18:48,Sensor1,23.00,21.50,0,400,4,6,6
2026-03-19 17:18:48,Sensor1,23.00,21.50,0,400,4,6,6
2026-03-19 17:18:49,Sensor1,22.90,21.50,0,400,3,6,6
2026-03-19 17:18:50,Sensor1,22.90,21.50,0,400,4,7,7
2026-03-19 17:18:51,Sensor1,22.90,21.50,0,400,4,6,6
2026-03-19 17:18:52,Sensor1,22.90,21.50,0,400,4,6,6
2026-03-19 17:18:53,Sensor1,22.90,21.50,0,400,4,7,7
2026-03-19 17:18:54,Sensor1,22.90,21.50,0,401,4,7,7
2026-03-19 17:18:55,Sensor1,22.90,21.60,0,405,4,7,7
2026-03-19 17:18:56,Sensor1,22.90,21.60,0,400,4,7,7
2026-03-19 17:18:57,Sensor1,22.90,21.60,0,400,4,7,7
2026-03-19 17:18:58,Sensor1,22.90,21.60,0,400,4,7,7
2026-03-19 17:18:59,Sensor1,22.90,21.60,0,400,4,6,6
2026-03-19 17:19:00,Sensor1,22.90,21.60,0,400,4,6,6
2026-03-19 17:19:01,Sensor1,22.90,21.60,0,400,3,6,6
2026-03-19 17:19:02,Sensor1,22.90,21.60,0,400,3,6,6
2026-03-19 17:19:03,Sensor1,22.90,21.60,0,400,3,6,6
2026-03-19 17:19:05,Sensor1,22.90,21.60,0,400,4,7,7
2026-03-19 17:19:06,Sensor1,22.90,21.60,0,400,4,7,7
2026-03-19 17:19:07,Sensor1,22.90,21.60,0,400,4,7,7
2026-03-19 17:19:08,Sensor1,22.90,21.60,0,400,4,7,7
2026-03-19 17:19:09,Sensor1,22.90,21.60,0,400,4,7,7
2026-03-19 17:19:09,Sensor1,22.90,21.60,0,400,4,7,7
2026-03-19 17:19:10,Sensor1,22.90,21.60,0,400,4,7,7
2026-03-19 17:19:11,Sensor1,22.90,21.50,0,400,5,7,7
2026-03-19 17:19:12,Sensor1,22.90,21.50,0,400,5,7,7
2026-03-19 17:19:13,Sensor1,22.90,21.50,0,400,5,7,7
2026-03-19 17:19:14,Sensor1,22.90,21.50,0,400,5,7,7
2026-03-19 17:19:15,Sensor1,22.90,21.50,0,400,4,6,6
2026-03-19 17:19:16,Sensor1,22.90,21.50,0,400,4,6,6
2026-03-19 17:19:17,Sensor1,22.90,21.50,0,400,4,6,6
2026-03-19 17:19:19,Sensor1,22.90,21.50,0,400,4,5,5
2026-03-19 17:19:20,Sensor1,22.90,21.50,0,400,5,6,6
2026-03-19 17:19:20,Sensor1,22.90,21.50,0,400,5,6,6
2026-03-19 17:19:21,Sensor1,22.90,21.50,0,400,5,6,6
2026-03-19 17:19:22,Sensor1,22.90,21.50,0,400,5,6,6
2026-03-19 17:19:23,Sensor1,22.90,21.50,0,400,5,6,6
2026-03-19 17:19:24,Sensor1,22.90,21.50,0,400,5,6,6
2026-03-19 17:19:25,Sensor1,22.90,21.50,0,400,4,5,5
2026-03-19 17:19:26,Sensor1,22.90,21.50,0,400,4,5,5
2026-03-19 17:19:27,Sensor1,22.90,21.50,0,400,5,6,6
2026-03-19 17:19:28,Sensor1,22.90,21.50,0,400,5,6,6
2026-03-19 17:19:29,Sensor1,22.90,21.50,0,400,5,6,6
2026-03-19 17:19:30,Sensor1,22.90,21.50,0,400,5,6,6
2026-03-19 17:19:31,Sensor1,22.90,21.50,0,400,5,6,6
2026-03-19 17:19:32,Sensor1,22.90,21.50,0,400,5,6,6
2026-03-19 17:19:34,Sensor1,22.90,21.50,0,400,5,7,7
2026-03-19 17:19:35,Sensor1,22.90,21.50,0,400,5,7,7
2026-03-19 17:19:35,Sensor1,22.90,21.50,0,400,6,8,8
2026-03-19 17:19:36,Sensor1,22.90,21.50,0,400,6,8,8
2026-03-19 17:19:37,Sensor1,22.90,21.50,0,400,5,7,7
2026-03-19 17:19:38,Sensor1,22.90,21.50,0,400,5,7,7
2026-03-19 17:19:39,Sensor1,22.90,21.50,0,400,5,8,8
2026-03-19 17:19:40,Sensor1,22.90,21.50,0,400,5,8,8
2026-03-19 17:19:41,Sensor1,22.90,21.50,0,400,6,8,9
2026-03-19 17:19:42,Sensor1,22.90,21.50,0,400,6,8,9
2026-03-19 17:19:43,Sensor1,22.90,21.50,0,400,5,7,9
2026-03-19 17:19:44,Sensor1,22.90,21.50,0,400,5,7,9
2026-03-19 17:19:45,Sensor1,22.90,21.50,0,400,5,6,8
2026-03-19 17:19:46,Sensor1,22.90,21.50,0,400,5,6,8
2026-03-19 17:19:47,Sensor1,22.90,21.50,0,400,5,6,8
2026-03-19 17:19:49,Sensor1,22.90,21.50,0,400,4,5,7
2026-03-19 17:19:50,Sensor1,22.90,21.50,0,400,4,5,7
2026-03-19 17:19:50,Sensor1,22.90,21.50,0,400,4,5,7
2026-03-19 17:19:51,Sensor1,22.90,21.40,0,400,5,6,8
2026-03-19 17:19:52,Sensor1,22.90,21.40,0,400,5,6,8
2026-03-19 17:19:53,Sensor1,22.90,21.40,0,400,4,5,7
2026-03-19 17:19:54,Sensor1,22.90,21.40,0,400,4,5,7
2026-03-19 17:19:55,Sensor1,22.90,21.50,0,400,5,6,8
2026-03-19 17:19:56,Sensor1,22.90,21.50,0,400,5,6,8
2026-03-19 17:19:57,Sensor1,22.90,21.40,0,400,4,6,8
2026-03-19 17:19:58,Sensor1,22.90,21.40,0,400,4,6,8
2026-03-19 17:19:59,Sensor1,22.90,21.40,0,400,4,6,6
2026-03-19 17:20:00,Sensor1,22.90,21.40,0,400,4,6,6
2026-03-19 17:20:01,Sensor1,22.90,21.40,0,400,4,6,6
2026-03-19 17:20:03,Sensor1,22.90,21.40,0,400,4,6,6
2026-03-19 17:20:04,Sensor1,22.90,21.40,0,400,4,6,6
2026-03-19 17:20:04,Sensor1,22.90,21.40,0,400,4,6,6
2026-03-19 17:20:05,Sensor1,22.90,21.40,0,400,5,7,7
2026-03-19 17:20:06,Sensor1,22.90,21.40,0,400,5,7,7
2026-03-19 17:20:07,Sensor1,22.90,21.40,0,400,5,7,7
2026-03-19 17:20:08,Sensor1,22.90,21.40,0,400,5,7,7
2026-03-19 17:20:09,Sensor1,22.90,21.40,0,400,4,7,7
2026-03-19 17:20:10,Sensor1,22.90,21.40,0,400,4,7,7
2026-03-19 17:20:11,Sensor1,22.90,21.40,0,400,5,8,8
2026-03-19 17:20:12,Sensor1,22.90,21.40,0,400,5,8,8
2026-03-19 17:20:13,Sensor1,22.90,21.40,0,400,4,7,7
2026-03-19 17:20:14,Sensor1,22.90,21.40,0,400,4,7,7
2026-03-19 17:20:15,Sensor1,22.90,21.40,0,400,4,7,7
2026-03-19 17:20:16,Sensor1,22.90,21.40,0,400,4,7,7
2026-03-19 17:20:18,Sensor1,22.90,21.40,0,400,4,7,7
2026-03-19 17:20:18,Sensor1,22.90,21.40,0,400,3,6,6
2026-03-19 17:20:19,Sensor1,22.90,21.40,0,400,3,6,7
2026-03-19 17:20:20,Sensor1,22.90,21.40,0,400,3,6,7
2026-03-19 17:20:21,Sensor1,22.90,21.40,0,400,4,7,8
2026-03-19 17:20:22,Sensor1,22.90,21.40,0,400,4,7,8
2026-03-19 17:20:23,Sensor1,22.90,21.40,0,400,4,7,8
2026-03-19 17:20:24,Sensor1,22.90,21.40,0,400,4,7,8
2026-03-19 17:20:25,Sensor1,22.90,21.40,0,400,4,7,7
2026-03-19 17:20:26,Sensor1,22.90,21.40,0,400,4,7,7
2026-03-19 17:20:27,Sensor1,22.90,21.40,0,400,4,5,6
2026-03-19 17:20:28,Sensor1,22.90,21.40,0,400,4,5,6
2026-03-19 17:20:29,Sensor1,22.90,21.50,0,400,4,5,6
2026-03-19 17:20:30,Sensor1,22.90,21.50,0,404,4,5,6
2026-03-19 17:20:31,Sensor1,22.90,21.50,0,400,4,6,6
2026-03-19 17:20:33,Sensor1,22.90,21.50,0,400,4,5,6
2026-03-19 17:20:33,Sensor1,22.90,21.50,0,401,2,3,4
2026-03-19 17:20:34,Sensor1,22.90,21.50,0,400,2,3,4
2026-03-19 17:20:35,Sensor1,22.90,21.50,0,401,3,4,6
2026-03-19 17:20:36,Sensor1,22.90,21.50,0,401,4,5,7
2026-03-19 17:20:37,Sensor1,22.90,21.50,0,400,4,5,6
2026-03-19 17:20:38,Sensor1,22.90,21.50,0,400,4,5,6
2026-03-19 17:20:39,Sensor1,22.90,21.50,0,400,4,5,6
2026-03-19 17:20:40,Sensor1,22.90,21.50,0,402,4,5,6
2026-03-19 17:20:41,Sensor1,22.90,21.50,0,400,4,5,7
2026-03-19 17:20:42,Sensor1,22.90,21.50,0,400,4,5,7
2026-03-19 17:20:43,Sensor1,22.90,21.50,0,400,4,5,7
2026-03-19 17:20:44,Sensor1,22.90,21.50,0,400,4,5,7
2026-03-19 17:20:45,Sensor1,22.90,21.50,0,400,4,6,7
2026-03-19 17:20:47,Sensor1,22.90,21.50,0,400,4,6,7
2026-03-19 17:20:48,Sensor1,22.90,21.50,0,400,3,5,6
2026-03-19 17:20:48,Sensor1,22.90,21.50,0,400,3,5,6
2026-03-19 17:20:49,Sensor1,22.90,21.50,0,400,3,6,7
2026-03-19 17:20:50,Sensor1,22.90,21.50,0,400,3,6,7
2026-03-19 17:20:51,Sensor1,22.90,21.50,0,400,4,6,8
2026-03-19 17:20:52,Sensor1,22.90,21.50,0,400,4,6,8
2026-03-19 17:20:53,Sensor1,22.90,21.50,0,400,4,7,7
2026-03-19 17:20:54,Sensor1,22.90,21.50,0,400,4,7,7
2026-03-19 17:20:55,Sensor1,22.90,21.50,0,400,4,7,7
2026-03-19 17:20:56,Sensor1,22.90,21.50,0,400,4,7,7
2026-03-19 17:20:57,Sensor1,22.90,21.60,0,400,4,7,7
2026-03-19 17:20:58,Sensor1,22.90,21.60,0,402,4,7,7
2026-03-19 17:20:59,Sensor1,22.90,21.50,0,400,4,7,7
2026-03-19 17:21:00,Sensor1,22.90,21.50,0,400,4,7,7
2026-03-19 17:21:02,Sensor1,22.90,21.60,0,400,4,6,6
2026-03-19 17:21:02,Sensor1,22.90,21.60,0,402,4,6,6
2026-03-19 17:21:03,Sensor1,22.90,21.60,0,400,4,6,6
2026-03-19 17:21:04,Sensor1,22.90,21.60,0,400,4,6,6
2026-03-19 17:21:05,Sensor1,22.90,21.60,0,400,4,6,6
2026-03-19 17:21:06,Sensor1,22.90,21.60,0,400,4,6,6
2026-03-19 17:21:07,Sensor1,22.80,21.60,0,400,4,5,5
2026-03-19 17:21:08,Sensor1,22.80,21.60,0,400,4,5,5
2026-03-19 17:21:09,Sensor1,22.90,21.60,0,400,4,6,6
2026-03-19 17:21:10,Sensor1,22.90,21.60,0,400,4,6,6
2026-03-19 17:21:11,Sensor1,22.80,21.60,0,400,4,5,5
2026-03-19 17:21:12,Sensor1,22.80,21.60,0,400,4,5,5
2026-03-19 17:21:13,Sensor1,22.90,21.60,0,400,4,5,6
2026-03-19 17:21:14,Sensor1,22.90,21.60,0,405,4,5,6
2026-03-19 17:21:15,Sensor1,22.90,21.60,0,400,3,5,6
2026-03-19 17:21:17,Sensor1,22.90,21.60,0,408,3,4,6
2026-03-19 17:21:17,Sensor1,22.90,21.60,0,414,3,4,6
2026-03-19 17:21:18,Sensor1,22.90,21.60,0,403,3,4,6
2026-03-19 17:21:19,Sensor1,22.90,21.60,0,400,4,5,6
2026-03-19 17:21:20,Sensor1,22.90,21.60,0,406,4,5,6
2026-03-19 17:21:21,Sensor1,22.80,21.60,0,400,4,5,7
2026-03-19 17:21:22,Sensor1,22.80,21.60,0,400,4,5,7
2026-03-19 17:21:23,Sensor1,22.90,21.60,0,400,4,6,8
2026-03-19 17:21:24,Sensor1,22.90,21.60,0,400,4,6,8
2026-03-19 17:21:25,Sensor1,22.80,21.60,0,401,4,6,7
2026-03-19 17:21:26,Sensor1,22.80,21.60,0,404,4,6,7
2026-03-19 17:21:27,Sensor1,22.90,21.60,0,401,3,5,7
2026-03-19 17:21:28,Sensor1,22.90,21.60,0,400,3,5,7
2026-03-19 17:21:29,Sensor1,22.90,21.60,0,400,3,6,8
2026-03-19 17:21:31,Sensor1,22.90,21.60,0,400,4,8,9
2026-03-19 17:21:32,Sensor1,22.90,21.60,0,400,4,8,9
2026-03-19 17:21:32,Sensor1,22.90,21.60,0,400,4,8,9
2026-03-19 17:21:33,Sensor1,22.80,21.50,0,400,5,8,9
2026-03-19 17:21:34,Sensor1,22.80,21.50,0,400,5,8,9
2026-03-19 17:21:35,Sensor1,22.90,21.60,0,400,5,9,9
2026-03-19 17:21:36,Sensor1,22.90,21.60,0,400,5,9,9
2026-03-19 17:21:37,Sensor1,22.80,21.60,0,400,5,9,10
2026-03-19 17:21:38,Sensor1,22.80,21.60,0,400,5,9,10
2026-03-19 17:21:39,Sensor1,22.90,21.60,0,400,5,9,10
2026-03-19 17:21:40,Sensor1,22.90,21.60,0,400,5,9,10
2026-03-19 17:21:41,Sensor1,22.90,21.50,0,400,5,9,9
2026-03-19 17:21:42,Sensor1,22.90,21.50,0,400,5,9,9
2026-03-19 17:21:43,Sensor1,22.90,21.60,0,400,5,9,10
2026-03-19 17:21:44,Sensor1,22.90,21.60,0,400,5,9,10
2026-03-19 17:21:46,Sensor1,22.90,21.60,0,400,4,7,8
2026-03-19 17:21:46,Sensor1,22.90,21.60,0,400,4,7,8
2026-03-19 17:21:47,Sensor1,22.90,21.60,0,400,5,8,8
2026-03-19 17:21:48,Sensor1,22.90,21.60,0,403,5,8,8
2026-03-19 17:21:49,Sensor1,22.90,21.50,0,400,5,7,7
2026-03-19 17:21:50,Sensor1,22.90,21.50,0,400,5,7,7
2026-03-19 17:21:51,Sensor1,22.90,21.50,0,400,5,7,7
2026-03-19 17:21:52,Sensor1,22.90,21.50,0,403,5,7,7
2026-03-19 17:21:53,Sensor1,22.90,21.50,0,400,5,7,7
2026-03-19 17:21:54,Sensor1,22.90,21.50,0,400,5,7,7
2026-03-19 17:21:55,Sensor1,22.90,21.50,0,407,4,6,6
2026-03-19 17:21:56,Sensor1,22.90,21.50,0,400,4,6,6
2026-03-19 17:21:57,Sensor1,22.90,21.50,0,400,3,6,6
2026-03-19 17:21:59,Sensor1,22.90,21.50,0,400,3,5,5
2026-03-19 17:22:00,Sensor1,22.90,21.50,0,400,3,6,6
2026-03-19 17:22:01,Sensor1,22.90,21.50,0,400,3,6,6
2026-03-19 17:22:01,Sensor1,22.90,21.50,0,400,4,6,6
2026-03-19 17:22:02,Sensor1,22.90,21.50,0,400,4,6,6
2026-03-19 17:22:03,Sensor1,22.90,21.50,0,400,4,5,5
2026-03-19 17:22:04,Sensor1,22.90,21.50,0,400,4,5,5
2026-03-19 17:22:05,Sensor1,22.90,21.50,0,400,3,5,5
2026-03-19 17:22:06,Sensor1,22.90,21.50,0,400,2,4,4
2026-03-19 17:22:07,Sensor1,22.90,21.50,0,400,3,4,4
2026-03-19 17:22:08,Sensor1,22.90,21.50,0,400,3,4,4
2026-03-19 17:22:09,Sensor1,22.90,21.50,0,400,4,5,5
2026-03-19 17:22:10,Sensor1,22.90,21.50,0,400,4,5,5
2026-03-19 17:22:11,Sensor1,22.90,21.50,0,400,3,5,7
2026-03-19 17:22:13,Sensor1,22.90,21.50,0,400,3,5,6
2026-03-19 17:22:14,Sensor1,22.90,21.50,0,400,3,4,5
2026-03-19 17:22:15,Sensor1,22.90,21.50,0,400,3,4,5
2026-03-19 17:22:16,Sensor1,22.90,21.50,0,400,3,4,6
2026-03-19 17:22:16,Sensor1,22.90,21.50,0,400,3,4,6
2026-03-19 17:22:17,Sensor1,22.90,21.50,0,400,2,3,5
2026-03-19 17:22:18,Sensor1,22.90,21.50,0,400,2,3,5
2026-03-19 17:22:19,Sensor1,22.90,21.50,0,400,2,3,5
2026-03-19 17:22:20,Sensor1,22.90,21.50,0,400,2,3,5
2026-03-19 17:22:21,Sensor1,22.90,21.50,0,400,2,3,5
2026-03-19 17:22:22,Sensor1,22.90,21.50,0,400,2,3,5
2026-03-19 17:22:23,Sensor1,22.90,21.50,0,400,2,3,5
2026-03-19 17:22:24,Sensor1,22.90,21.50,0,400,3,4,6
2026-03-19 17:22:25,Sensor1,22.90,21.50,0,400,3,5,6
2026-03-19 17:22:26,Sensor1,22.90,21.50,0,400,3,5,6
2026-03-19 17:22:28,Sensor1,22.90,21.50,0,400,4,5,5
2026-03-19 17:22:29,Sensor1,22.90,21.50,0,400,4,5,5
2026-03-19 17:22:30,Sensor1,22.90,21.60,0,400,4,6,6
2026-03-19 17:22:30,Sensor1,22.90,21.60,0,400,4,6,6
2026-03-19 17:22:31,Sensor1,22.90,21.60,0,400,4,6,6
2026-03-19 17:22:32,Sensor1,22.90,21.60,0,403,4,6,6
2026-03-19 17:22:33,Sensor1,22.90,21.70,0,400,4,6,6
2026-03-19 17:22:34,Sensor1,22.90,21.70,0,400,4,6,6
2026-03-19 17:22:35,Sensor1,22.90,21.70,0,400,3,5,6
2026-03-19 17:22:36,Sensor1,22.90,21.70,0,400,3,5,6
2026-03-19 17:22:37,Sensor1,22.90,21.70,0,400,3,5,6
2026-03-19 17:22:38,Sensor1,22.90,21.70,0,400,3,5,6
2026-03-19 17:22:39,Sensor1,22.90,21.70,0,400,4,6,6
2026-03-19 17:22:40,Sensor1,22.90,21.70,0,400,4,6,6
2026-03-19 17:22:41,Sensor1,22.90,21.70,0,400,4,7,7
2026-03-19 17:22:43,Sensor1,22.90,21.70,0,400,4,6,7
2026-03-19 17:22:44,Sensor1,22.90,21.70,0,400,4,7,7
2026-03-19 17:22:45,Sensor1,22.90,21.70,0,400,4,7,7
2026-03-19 17:22:45,Sensor1,22.90,21.80,0,400,4,7,7
2026-03-19 17:22:46,Sensor1,22.90,21.80,0,400,4,7,7
2026-03-19 17:22:47,Sensor1,22.90,21.80,0,400,3,4,5
2026-03-19 17:22:48,Sensor1,22.90,21.80,0,400,3,4,5
2026-03-19 17:22:49,Sensor1,22.90,21.80,0,400,2,4,5
2026-03-19 17:22:50,Sensor1,22.90,21.80,0,400,3,5,6
2026-03-19 17:22:51,Sensor1,22.90,21.80,0,400,4,6,6
2026-03-19 17:22:52,Sensor1,22.90,21.80,0,400,4,6,6
2026-03-19 17:22:53,Sensor1,22.90,21.80,0,400,4,6,6
2026-03-19 17:22:54,Sensor1,22.90,21.80,0,400,4,6,6
2026-03-19 17:22:55,Sensor1,22.90,21.80,0,400,4,6,6
2026-03-19 17:22:57,Sensor1,22.90,21.80,0,400,3,6,6
2026-03-19 17:22:58,Sensor1,22.90,21.80,0,400,4,6,6
2026-03-19 17:22:59,Sensor1,22.90,21.80,0,400,4,6,6
2026-03-19 17:23:00,Sensor1,22.90,21.80,0,400,5,6,7
2026-03-19 17:23:00,Sensor1,22.90,21.80,0,400,5,6,7
2026-03-19 17:23:01,Sensor1,22.90,21.80,0,400,5,6,7
2026-03-19 17:23:02,Sensor1,22.90,21.80,0,400,5,6,7
2026-03-19 17:23:03,Sensor1,22.90,21.80,0,400,5,6,7
2026-03-19 17:23:04,Sensor1,22.90,21.80,0,400,5,6,7
2026-03-19 17:23:05,Sensor1,22.90,21.80,0,400,4,6,7
2026-03-19 17:23:06,Sensor1,22.90,21.80,0,406,4,6,7
2026-03-19 17:23:07,Sensor1,22.90,21.80,0,408,4,6,7
2026-03-19 17:23:08,Sensor1,22.90,21.80,0,411,4,6,7
2026-03-19 17:23:09,Sensor1,22.90,21.80,0,405,5,7,8
2026-03-19 17:23:10,Sensor1,22.90,21.80,0,403,5,7,8
2026-03-19 17:23:12,Sensor1,22.90,21.80,0,404,5,6,8
2026-03-19 17:23:13,Sensor1,22.90,21.80,0,405,5,6,8
2026-03-19 17:23:14,Sensor1,22.90,21.80,0,401,4,5,7
2026-03-19 17:23:14,Sensor1,22.90,21.80,0,400,4,5,7
2026-03-19 17:23:15,Sensor1,22.80,21.80,0,400,3,6,6
2026-03-19 17:23:16,Sensor1,22.80,21.80,0,403,3,6,6
2026-03-19 17:23:17,Sensor1,22.90,21.70,0,404,5,7,9
2026-03-19 17:23:18,Sensor1,22.90,21.70,0,401,5,7,9
2026-03-19 17:23:19,Sensor1,22.90,21.70,0,400,5,7,9
2026-03-19 17:23:20,Sensor1,22.90,21.70,0,400,4,6,8
2026-03-19 17:23:21,Sensor1,22.90,21.70,0,400,4,5,8
2026-03-19 17:23:22,Sensor1,22.90,21.70,0,400,4,5,8
2026-03-19 17:23:23,Sensor1,22.90,21.70,0,405,4,6,7
2026-03-19 17:23:25,Sensor1,22.90,21.70,0,400,5,6,8
2026-03-19 17:23:26,Sensor1,22.90,21.70,0,400,4,5,7
2026-03-19 17:23:27,Sensor1,22.90,21.70,0,400,4,5,7
2026-03-19 17:23:28,Sensor1,22.90,21.70,0,400,4,6,7
2026-03-19 17:23:29,Sensor1,22.90,21.70,0,400,5,7,8
2026-03-19 17:23:29,Sensor1,22.90,21.70,0,402,5,7,8
2026-03-19 17:23:30,Sensor1,22.90,21.70,0,405,5,7,8
2026-03-19 17:23:31,Sensor1,22.80,21.70,0,406,5,6,8
2026-03-19 17:23:32,Sensor1,22.80,21.70,0,405,4,5,7
2026-03-19 17:23:33,Sensor1,22.90,21.70,0,400,3,5,6
2026-03-19 17:23:34,Sensor1,22.90,21.70,0,400,3,5,6
2026-03-19 17:23:35,Sensor1,22.90,21.70,0,400,3,6,6
2026-03-19 17:23:36,Sensor1,22.90,21.70,0,400,3,6,6
2026-03-19 17:23:37,Sensor1,22.90,21.70,0,400,3,5,5
2026-03-19 17:23:39,Sensor1,22.90,21.70,0,400,3,5,5
2026-03-19 17:23:40,Sensor1,22.90,21.70,0,401,3,5,5
2026-03-19 17:23:41,Sensor1,22.90,21.70,0,400,4,6,6
2026-03-19 17:23:42,Sensor1,22.90,21.70,0,400,4,8,8
2026-03-19 17:23:43,Sensor1,22.90,21.70,0,400,3,7,7
2026-03-19 17:23:44,Sensor1,22.90,21.70,0,400,4,8,8
2026-03-19 17:23:45,Sensor1,22.90,21.70,0,400,4,8,8
2026-03-19 17:23:45,Sensor1,22.90,21.70,0,400,3,7,7
2026-03-19 17:23:46,Sensor1,22.90,21.70,0,400,4,8,8
2026-03-19 17:23:47,Sensor1,22.90,21.70,0,402,4,8,8
2026-03-19 17:23:48,Sensor1,22.90,21.70,0,400,4,8,8
2026-03-19 17:23:49,Sensor1,22.90,21.70,0,400,3,8,8
2026-03-19 17:23:50,Sensor1,22.90,21.70,0,400,4,8,8
2026-03-19 17:23:51,Sensor1,22.90,21.70,0,400,3,6,6
2026-03-19 17:23:52,Sensor1,22.90,21.70,0,400,3,7,7
2026-03-19 17:23:53,Sensor1,22.90,21.70,0,400,3,6,6
2026-03-19 17:23:54,Sensor1,22.90,21.70,0,400,3,6,6
2026-03-19 17:23:55,Sensor1,22.90,21.70,0,400,3,6,6
2026-03-19 17:23:57,Sensor1,22.90,21.70,0,400,4,7,7
2026-03-19 17:23:58,Sensor1,22.90,21.70,0,400,3,6,6
2026-03-19 17:23:59,Sensor1,22.90,21.70,0,412,2,5,5
2026-03-19 17:24:00,Sensor1,22.90,21.70,0,401,2,4,4
2026-03-19 17:24:01,Sensor1,22.90,21.70,0,400,2,4,4
2026-03-19 17:24:02,Sensor1,22.90,21.80,0,406,3,4,4
2026-03-19 17:24:02,Sensor1,22.90,21.80,0,413,3,4,4
2026-03-19 17:24:03,Sensor1,22.90,21.80,0,404,3,4,4
2026-03-19 17:24:04,Sensor1,22.90,21.80,0,407,3,4,4
2026-03-19 17:24:05,Sensor1,22.90,21.80,0,401,3,4,4
2026-03-19 17:24:06,Sensor1,22.90,21.80,0,408,3,4,4
2026-03-19 17:24:07,Sensor1,22.90,21.80,0,415,3,4,4
2026-03-19 17:24:08,Sensor1,22.90,21.80,0,412,3,4,4
2026-03-19 17:24:09,Sensor1,22.90,21.90,0,416,3,4,4
2026-03-19 17:24:10,Sensor1,22.90,21.90,0,409,3,4,4
2026-03-19 17:24:12,Sensor1,22.90,21.90,0,414,3,5,5
2026-03-19 17:24:13,Sensor1,22.90,21.90,0,407,3,5,5
2026-03-19 17:24:14,Sensor1,22.90,21.90,0,402,4,5,5
2026-03-19 17:24:15,Sensor1,22.90,21.90,0,405,4,5,5
2026-03-19 17:24:16,Sensor1,22.90,21.80,0,404,4,6,6
2026-03-19 17:24:17,Sensor1,22.90,21.80,0,405,3,5,5
2026-03-19 17:24:17,Sensor1,22.90,21.80,0,407,3,4,4
2026-03-19 17:24:18,Sensor1,22.90,21.80,0,409,3,4,4
2026-03-19 17:24:19,Sensor1,22.90,21.80,0,413,3,4,4
2026-03-19 17:24:20,Sensor1,22.90,21.80,0,414,3,4,4
2026-03-19 17:24:21,Sensor1,22.90,21.80,0,425,3,5,5
2026-03-19 17:24:22,Sensor1,22.90,21.80,0,422,3,5,5
2026-03-19 17:24:23,Sensor1,22.90,21.80,0,425,3,4,4
2026-03-19 17:24:24,Sensor1,22.90,21.80,0,423,3,4,4
2026-03-19 17:24:25,Sensor1,22.90,21.80,0,427,3,5,5
2026-03-19 17:24:27,Sensor1,22.90,21.80,0,422,2,4,4
2026-03-19 17:24:28,Sensor1,22.90,21.80,0,424,2,5,5
2026-03-19 17:24:29,Sensor1,22.90,21.80,0,421,2,5,5
2026-03-19 17:24:30,Sensor1,22.90,21.80,0,426,2,4,4
2026-03-19 17:24:31,Sensor1,22.90,21.80,0,416,2,4,4
2026-03-19 17:24:31,Sensor1,22.90,21.80,0,418,2,4,4
2026-03-19 17:24:32,Sensor1,22.90,21.80,0,415,2,4,4
2026-03-19 17:24:33,Sensor1,22.90,21.80,0,408,2,5,5
2026-03-19 17:24:34,Sensor1,22.90,21.80,0,417,2,5,5
2026-03-19 17:24:35,Sensor1,22.90,21.80,0,409,3,5,5
2026-03-19 17:24:36,Sensor1,22.90,21.80,0,414,3,5,5
2026-03-19 17:24:37,Sensor1,22.90,21.80,0,417,3,5,5
2026-03-19 17:24:38,Sensor1,22.90,21.80,0,415,3,5,5
2026-03-19 17:24:39,Sensor1,22.90,21.80,0,415,3,5,5
2026-03-19 17:24:41,Sensor1,22.90,21.80,0,407,3,5,5
2026-03-19 17:24:42,Sensor1,22.90,21.80,0,415,2,4,4
2026-03-19 17:24:43,Sensor1,22.90,21.80,0,412,2,4,4
2026-03-19 17:24:44,Sensor1,22.90,21.80,0,418,3,4,4
2026-03-19 17:24:45,Sensor1,22.90,21.80,0,418,3,4,4
2026-03-19 17:24:46,Sensor1,22.90,21.70,0,427,3,4,4
2026-03-19 17:24:46,Sensor1,22.90,21.70,0,427,3,4,4
2026-03-19 17:24:47,Sensor1,22.90,21.80,0,430,3,4,4
2026-03-19 17:24:48,Sensor1,22.90,21.80,0,426,3,4,4
2026-03-19 17:24:49,Sensor1,22.90,21.80,0,420,3,4,4
2026-03-19 17:24:50,Sensor1,22.90,21.80,0,423,3,4,4
2026-03-19 17:24:51,Sensor1,22.90,21.80,0,424,3,3,4
2026-03-19 17:24:52,Sensor1,22.90,21.80,0,416,3,3,4
2026-03-19 17:24:53,Sensor1,22.90,21.80,0,419,2,3,4
2026-03-19 17:24:54,Sensor1,22.90,21.80,0,424,2,3,4
2026-03-19 17:24:56,Sensor1,22.90,21.80,0,422,3,4,4
2026-03-19 17:24:57,Sensor1,22.90,21.80,0,420,3,4,4
2026-03-19 17:25:01,Sensor1,22.90,21.80,0,411,2,4,4
2026-03-19 17:25:01,Sensor1,22.90,21.80,0,410,2,4,4
2026-03-19 17:25:01,Sensor1,22.90,21.80,0,400,2,4,4
2026-03-19 17:25:01,Sensor1,22.90,21.80,0,404,2,4,4
2026-03-19 17:25:02,Sensor1,22.90,21.80,0,400,2,4,5
2026-03-19 17:25:03,Sensor1,22.90,21.80,0,407,2,4,5
2026-03-19 17:25:04,Sensor1,22.90,21.80,0,417,3,4,5
2026-03-19 17:25:05,Sensor1,22.90,21.80,0,401,3,4,5
2026-03-19 17:25:06,Sensor1,22.90,21.80,0,404,2,4,5
2026-03-19 17:25:07,Sensor1,22.90,21.80,0,407,2,4,5
2026-03-19 17:25:08,Sensor1,22.90,21.80,0,407,2,4,4
2026-03-19 17:25:09,Sensor1,22.90,21.80,0,405,3,4,4
2026-03-19 17:25:10,Sensor1,22.90,21.80,0,402,3,5,5
2026-03-19 17:25:11,Sensor1,22.90,21.80,0,403,3,5,5
2026-03-19 17:25:12,Sensor1,22.90,21.80,0,403,3,4,4
2026-03-19 17:25:13,Sensor1,22.90,21.80,0,402,3,4,4
2026-03-19 17:25:14,Sensor1,22.90,21.80,0,404,2,4,4
2026-03-19 17:25:15,Sensor1,22.90,21.80,0,400,2,4,4
2026-03-19 17:25:16,Sensor1,22.90,21.80,0,400,3,5,5
2026-03-19 17:25:17,Sensor1,22.90,21.80,0,400,3,5,5
2026-03-19 17:25:18,Sensor1,22.90,21.80,0,400,3,5,5
2026-03-19 17:25:19,Sensor1,22.90,21.80,0,402,3,5,5
2026-03-19 17:25:20,Sensor1,23.00,21.80,0,400,3,6,6
2026-03-19 17:25:21,Sensor1,23.00,21.80,0,400,3,6,6
2026-03-19 17:25:22,Sensor1,22.90,21.80,0,400,3,5,5
2026-03-19 17:25:23,Sensor1,22.90,21.80,0,400,3,5,5
2026-03-19 17:25:24,Sensor1,22.90,21.80,0,400,3,6,6
2026-03-19 17:25:25,Sensor1,22.90,21.80,0,400,3,6,6
2026-03-19 17:25:26,Sensor1,22.90,21.80,0,400,3,5,5
2026-03-19 17:25:27,Sensor1,22.90,21.80,0,400,3,5,5
2026-03-19 17:25:28,Sensor1,22.90,21.80,0,400,3,6,6
2026-03-19 17:25:29,Sensor1,22.90,21.80,0,400,3,6,6
2026-03-19 17:25:30,Sensor1,22.90,21.70,0,400,3,7,7
2026-03-19 17:25:31,Sensor1,22.90,21.70,0,400,3,7,7
2026-03-19 17:25:32,Sensor1,22.90,21.70,0,400,3,8,8
2026-03-19 17:25:33,Sensor1,22.90,21.70,0,400,3,8,8
2026-03-19 17:25:34,Sensor1,22.90,21.80,0,400,3,7,7
2026-03-19 17:25:35,Sensor1,22.90,21.80,0,400,3,7,7
2026-03-19 17:25:36,Sensor1,22.90,21.70,0,400,3,7,7
2026-03-19 17:25:37,Sensor1,22.90,21.70,0,400,3,7,7
2026-03-19 17:25:38,Sensor1,22.90,21.70,0,400,3,7,7
2026-03-19 17:25:39,Sensor1,22.90,21.70,0,400,3,7,7
2026-03-19 17:25:40,Sensor1,22.90,21.70,0,400,3,7,7
2026-03-19 17:25:41,Sensor1,22.90,21.70,0,400,3,7,7
2026-03-19 17:25:42,Sensor1,23.00,21.70,0,400,3,7,7
2026-03-19 17:25:43,Sensor1,23.00,21.70,0,400,3,7,7
2026-03-19 17:25:44,Sensor1,22.90,21.70,0,400,4,7,8
2026-03-19 17:25:45,Sensor1,22.90,21.70,0,400,4,7,8
2026-03-19 17:25:46,Sensor1,22.90,21.70,0,400,3,7,8
2026-03-19 17:25:47,Sensor1,22.90,21.70,0,400,3,7,8
2026-03-19 17:25:48,Sensor1,23.00,21.70,0,400,3,5,8
2026-03-19 17:25:49,Sensor1,23.00,21.70,0,400,3,5,8
2026-03-19 17:25:50,Sensor1,23.00,21.70,0,400,3,4,7
2026-03-19 17:25:52,Sensor1,23.00,21.70,0,400,3,4,7
2026-03-19 17:25:52,Sensor1,23.00,21.70,0,400,3,4,8
2026-03-19 17:25:53,Sensor1,23.00,21.70,0,400,3,4,8
2026-03-19 17:25:54,Sensor1,22.90,21.70,0,400,3,4,8
2026-03-19 17:25:55,Sensor1,22.90,21.70,0,400,3,4,8
2026-03-19 17:25:56,Sensor1,23.00,21.70,0,400,3,5,8
2026-03-19 17:25:57,Sensor1,23.00,21.70,0,400,3,5,8
2026-03-19 17:25:58,Sensor1,23.00,21.70,0,400,3,5,8
2026-03-19 17:25:59,Sensor1,23.00,21.70,0,400,3,5,8
2026-03-19 17:26:00,Sensor1,22.90,21.70,0,400,3,5,10
2026-03-19 17:26:01,Sensor1,22.90,21.70,0,400,3,5,10
2026-03-19 17:26:02,Sensor1,22.90,21.70,0,400,4,5,9
2026-03-19 17:26:03,Sensor1,22.90,21.70,0,400,4,5,9
2026-03-19 17:26:04,Sensor1,22.90,21.70,0,400,4,6,9
2026-03-19 17:26:06,Sensor1,22.90,21.70,0,400,3,5,8
2026-03-19 17:26:07,Sensor1,23.00,21.70,0,400,3,5,7
2026-03-19 17:26:07,Sensor1,23.00,21.70,0,400,3,5,7
2026-03-19 17:26:08,Sensor1,23.00,21.70,0,400,3,5,7
2026-03-19 17:26:09,Sensor1,23.00,21.70,0,400,3,5,7
2026-03-19 17:26:10,Sensor1,22.90,21.70,0,400,3,5,7
2026-03-19 17:26:11,Sensor1,22.90,21.70,0,400,3,5,7
2026-03-19 17:26:12,Sensor1,23.00,21.70,0,400,3,5,6
2026-03-19 17:26:13,Sensor1,23.00,21.70,0,400,3,5,6
2026-03-19 17:26:14,Sensor1,23.00,21.70,0,400,2,5,6
2026-03-19 17:26:15,Sensor1,23.00,21.70,0,400,2,5,6
2026-03-19 17:26:16,Sensor1,23.00,21.80,0,400,3,5,7
2026-03-19 17:26:17,Sensor1,23.00,21.80,0,400,3,5,7
2026-03-19 17:26:18,Sensor1,22.90,21.80,0,400,3,5,5
2026-03-19 17:26:19,Sensor1,22.90,21.80,0,400,3,5,5
2026-03-19 17:26:21,Sensor1,22.90,21.80,0,400,3,4,4
2026-03-19 17:26:21,Sensor1,22.90,21.80,0,400,3,4,4
2026-03-19 17:26:22,Sensor1,23.00,21.80,0,400,3,4,4
2026-03-19 17:26:23,Sensor1,23.00,21.80,0,400,3,4,4
2026-03-19 17:26:24,Sensor1,22.90,21.80,0,400,3,4,4
2026-03-19 17:26:25,Sensor1,22.90,21.80,0,400,3,4,4
2026-03-19 17:26:26,Sensor1,22.90,21.80,0,400,3,4,4
2026-03-19 17:26:27,Sensor1,22.90,21.80,0,400,3,4,4
2026-03-19 17:26:28,Sensor1,23.00,21.80,0,400,3,4,4
2026-03-19 17:26:29,Sensor1,23.00,21.80,0,400,3,4,4
2026-03-19 17:26:30,Sensor1,22.90,21.80,0,404,3,4,4
2026-03-19 17:26:31,Sensor1,22.90,21.80,0,402,3,4,4
2026-03-19 17:26:32,Sensor1,23.00,21.80,0,400,3,4,4
2026-03-19 17:26:34,Sensor1,23.00,21.80,0,400,3,4,4
2026-03-19 17:26:35,Sensor1,22.90,21.80,0,400,3,4,4
2026-03-19 17:26:36,Sensor1,22.90,21.80,0,400,3,4,4
2026-03-19 17:26:36,Sensor1,23.00,21.80,0,400,3,4,4
2026-03-19 17:26:37,Sensor1,23.00,21.80,0,400,3,4,4
2026-03-19 17:26:38,Sensor1,22.90,21.80,0,400,3,4,4
2026-03-19 17:26:39,Sensor1,22.90,21.80,0,400,3,4,4
2026-03-19 17:26:40,Sensor1,23.00,21.80,0,400,3,4,4
2026-03-19 17:26:41,Sensor1,23.00,21.80,0,400,3,4,4
2026-03-19 17:26:42,Sensor1,23.00,21.80,0,400,3,4,4
2026-03-19 17:26:43,Sensor1,23.00,21.80,0,400,3,4,4
2026-03-19 17:26:44,Sensor1,23.00,21.80,0,400,3,4,4
2026-03-19 17:26:45,Sensor1,23.00,21.80,0,400,3,4,4
2026-03-19 17:26:46,Sensor1,22.90,21.80,0,400,3,4,4
2026-03-19 17:26:48,Sensor1,22.90,21.80,0,400,3,4,4
2026-03-19 17:26:49,Sensor1,23.00,21.80,0,400,3,4,4
2026-03-19 17:26:50,Sensor1,23.00,21.80,0,400,3,4,4
2026-03-19 17:26:51,Sensor1,23.00,21.80,0,400,3,4,4
2026-03-19 17:26:51,Sensor1,23.00,21.80,0,400,3,4,4
2026-03-19 17:26:52,Sensor1,23.00,21.70,0,400,3,4,4
2026-03-19 17:26:53,Sensor1,23.00,21.70,0,400,3,4,4
2026-03-19 17:26:54,Sensor1,23.00,21.70,0,400,3,4,4
2026-03-19 17:26:55,Sensor1,23.00,21.70,0,400,3,4,4
2026-03-19 17:26:56,Sensor1,23.00,21.70,0,400,3,4,4
2026-03-19 17:26:57,Sensor1,23.00,21.70,0,400,3,4,4
2026-03-19 17:26:58,Sensor1,23.00,21.70,0,400,3,3,3
2026-03-19 17:26:59,Sensor1,23.00,21.70,0,400,3,3,3
2026-03-19 17:27:00,Sensor1,22.90,21.70,0,401,3,4,4
2026-03-19 17:27:01,Sensor1,22.90,21.70,0,400,3,4,4
2026-03-19 17:27:03,Sensor1,22.90,21.70,0,403,3,4,4
2026-03-19 17:27:04,Sensor1,22.90,21.70,0,409,3,4,4
2026-03-19 17:27:05,Sensor1,23.00,21.70,0,400,3,4,4
2026-03-19 17:27:05,Sensor1,23.00,21.70,0,401,3,4,4
2026-03-19 17:27:06,Sensor1,23.00,21.70,0,400,3,5,6
2026-03-19 17:27:07,Sensor1,23.00,21.70,0,405,3,5,6
2026-03-19 17:27:08,Sensor1,23.00,21.70,0,400,2,5,6
2026-03-19 17:27:09,Sensor1,23.00,21.70,0,404,2,5,6
2026-03-19 17:27:10,Sensor1,22.90,21.70,0,400,2,5,8
2026-03-19 17:27:11,Sensor1,22.90,21.70,0,406,2,5,8
2026-03-19 17:27:12,Sensor1,23.00,21.70,0,400,2,5,8
2026-03-19 17:27:13,Sensor1,23.00,21.70,0,402,2,5,8
2026-03-19 17:27:14,Sensor1,23.00,21.70,0,400,2,6,9
2026-03-19 17:27:16,Sensor1,23.00,21.70,0,400,2,6,9
2026-03-19 17:27:17,Sensor1,23.00,21.70,0,400,2,6,9
2026-03-19 17:27:18,Sensor1,23.00,21.70,0,400,2,6,9
2026-03-19 17:27:19,Sensor1,23.00,21.70,0,400,2,5,9
2026-03-19 17:27:20,Sensor1,23.00,21.70,0,405,2,5,9
2026-03-19 17:27:20,Sensor1,23.00,21.70,0,400,2,6,9
2026-03-19 17:27:21,Sensor1,23.00,21.70,0,400,2,6,9
2026-03-19 17:27:22,Sensor1,22.90,21.70,0,400,2,5,9
2026-03-19 17:27:23,Sensor1,22.90,21.70,0,400,2,5,9
2026-03-19 17:27:24,Sensor1,23.00,21.70,0,411,2,5,8
2026-03-19 17:27:25,Sensor1,23.00,21.70,0,400,2,5,8
2026-03-19 17:27:26,Sensor1,23.00,21.70,0,400,2,5,7
2026-03-19 17:27:27,Sensor1,23.00,21.70,0,400,2,5,7
2026-03-19 17:27:28,Sensor1,23.00,21.70,0,403,2,4,5
2026-03-19 17:27:30,Sensor1,23.00,21.70,0,408,1,4,4
2026-03-19 17:27:31,Sensor1,22.90,21.70,0,407,1,3,4
2026-03-19 17:27:32,Sensor1,22.90,21.70,0,409,1,3,4
2026-03-19 17:27:33,Sensor1,23.00,21.70,0,406,1,3,5
2026-03-19 17:27:34,Sensor1,23.00,21.70,0,400,1,3,5
2026-03-19 17:27:35,Sensor1,23.00,21.80,0,404,1,3,5
2026-03-19 17:27:36,Sensor1,23.00,21.80,0,404,1,3,5
2026-03-19 17:27:36,Sensor1,23.00,21.70,0,401,2,3,5
2026-03-19 17:27:37,Sensor1,23.00,21.70,0,400,2,3,5
2026-03-19 17:27:38,Sensor1,23.00,21.80,0,405,2,3,5
2026-03-19 17:27:39,Sensor1,23.00,21.80,0,405,2,3,5
2026-03-19 17:27:40,Sensor1,23.00,21.80,0,407,2,3,4
2026-03-19 17:27:41,Sensor1,23.00,21.80,0,411,2,3,4
2026-03-19 17:27:42,Sensor1,23.00,21.80,0,407,2,3,4
2026-03-19 17:27:43,Sensor1,23.00,21.80,0,409,2,3,4
2026-03-19 17:27:45,Sensor1,23.00,21.80,0,419,3,4,5
2026-03-19 17:27:46,Sensor1,23.00,21.80,0,413,3,4,5
2026-03-19 17:27:47,Sensor1,23.00,21.80,0,406,3,4,5
2026-03-19 17:27:48,Sensor1,23.00,21.80,0,415,3,4,5
2026-03-19 17:27:49,Sensor1,23.00,21.80,0,409,4,5,6
2026-03-19 17:27:49,Sensor1,23.00,21.80,0,402,4,5,6
2026-03-19 17:27:50,Sensor1,23.00,21.80,0,411,4,5,5
2026-03-19 17:27:51,Sensor1,23.00,21.80,0,412,3,4,4
2026-03-19 17:27:52,Sensor1,23.00,21.80,0,403,3,3,3
2026-03-19 17:27:53,Sensor1,23.00,21.80,0,413,3,3,3
2026-03-19 17:27:54,Sensor1,23.00,21.80,0,405,3,4,4
2026-03-19 17:27:55,Sensor1,23.00,21.80,0,409,3,4,4
2026-03-19 17:27:56,Sensor1,23.00,21.80,0,409,3,4,4
2026-03-19 17:27:57,Sensor1,23.00,21.80,0,400,3,4,4
2026-03-19 17:27:58,Sensor1,23.00,21.70,0,400,3,4,4
2026-03-19 17:28:00,Sensor1,23.00,21.70,0,405,3,4,4
2026-03-19 17:28:01,Sensor1,23.00,21.70,0,406,3,4,4
2026-03-19 17:28:02,Sensor1,23.00,21.70,0,411,3,4,4
2026-03-19 17:28:03,Sensor1,23.00,21.70,0,401,3,4,4
2026-03-19 17:28:04,Sensor1,23.00,21.70,0,400,3,4,4
2026-03-19 17:28:05,Sensor1,23.00,21.70,0,400,3,4,4
2026-03-19 17:28:06,Sensor1,23.00,21.70,0,400,3,4,4
2026-03-19 17:28:07,Sensor1,23.00,21.70,0,400,3,4,4
2026-03-19 17:28:08,Sensor1,23.00,21.70,0,400,3,4,4
2026-03-19 17:28:09,Sensor1,23.00,21.70,0,400,3,4,4
2026-03-19 17:28:10,Sensor1,23.00,21.70,0,406,3,4,4
2026-03-19 17:28:11,Sensor1,23.00,21.70,0,400,3,4,4
2026-03-19 17:28:12,Sensor1,23.00,21.70,0,407,3,4,4
2026-03-19 17:28:13,Sensor1,23.00,21.70,0,400,3,5,5
2026-03-19 17:28:14,Sensor1,23.00,21.70,0,400,3,4,4
2026-03-19 17:28:15,Sensor1,23.00,21.70,0,400,3,5,5
2026-03-19 17:28:16,Sensor1,23.00,21.70,0,400,3,5,5
2026-03-19 17:28:17,Sensor1,23.00,21.70,0,404,3,4,4
2026-03-19 17:28:18,Sensor1,23.00,21.70,0,400,3,4,4
2026-03-19 17:28:19,Sensor1,23.00,21.80,0,400,3,5,5
2026-03-19 17:28:19,Sensor1,23.00,21.80,0,402,3,5,5
2026-03-19 17:28:20,Sensor1,23.00,21.70,0,408,3,4,4
2026-03-19 17:28:21,Sensor1,23.00,21.70,0,404,3,4,4
2026-03-19 17:28:22,Sensor1,23.00,21.70,0,403,3,5,5
2026-03-19 17:28:23,Sensor1,23.00,21.70,0,406,3,5,5
2026-03-19 17:28:24,Sensor1,23.00,21.70,0,400,3,5,5
2026-03-19 17:28:25,Sensor1,23.00,21.70,0,401,3,5,5
2026-03-19 17:28:26,Sensor1,23.00,21.70,0,401,3,4,4
2026-03-19 17:28:27,Sensor1,23.00,21.70,0,400,3,4,4
2026-03-19 17:28:30,Sensor1,23.00,21.70,0,400,3,5,5
2026-03-19 17:28:30,Sensor1,23.00,21.70,0,409,2,4,4
2026-03-19 17:28:31,Sensor1,23.00,21.70,0,403,2,5,5
2026-03-19 17:28:32,Sensor1,23.00,21.70,0,407,2,5,5
2026-03-19 17:28:33,Sensor1,23.00,21.70,0,403,2,4,4
2026-03-19 17:28:34,Sensor1,23.00,21.70,0,402,2,4,4
2026-03-19 17:28:35,Sensor1,23.00,21.70,0,404,2,4,4
2026-03-19 17:28:36,Sensor1,23.00,21.70,0,400,2,4,4
2026-03-19 17:28:37,Sensor1,23.00,21.70,0,400,2,4,4
2026-03-19 17:28:38,Sensor1,23.00,21.70,0,402,2,4,4
2026-03-19 17:28:39,Sensor1,23.00,21.70,0,400,2,4,4
2026-03-19 17:28:40,Sensor1,23.00,21.70,0,400,2,4,4
2026-03-19 17:28:41,Sensor1,23.00,21.70,0,407,2,4,4
2026-03-19 17:28:42,Sensor1,23.00,21.70,0,400,2,4,4
2026-03-19 17:28:43,Sensor1,23.00,21.70,0,400,2,3,3
2026-03-19 17:28:44,Sensor1,23.00,21.70,0,400,2,3,3
2026-03-19 17:28:45,Sensor1,23.00,21.70,0,406,2,2,6
2026-03-19 17:28:46,Sensor1,23.00,21.70,0,408,2,2,6
2026-03-19 17:28:47,Sensor1,23.00,21.70,0,406,2,3,6
2026-03-19 17:28:48,Sensor1,23.00,21.70,0,403,2,3,6
2026-03-19 17:28:48,Sensor1,23.00,21.70,0,407,3,4,7
2026-03-19 17:28:49,Sensor1,23.00,21.70,0,401,3,4,7
2026-03-19 17:28:51,Sensor1,23.00,21.70,0,407,3,4,7
2026-03-19 17:28:52,Sensor1,23.00,21.70,0,409,2,3,6
2026-03-19 17:28:53,Sensor1,23.00,21.70,0,400,2,3,6
2026-03-19 17:28:54,Sensor1,23.00,21.70,0,412,2,3,6
2026-03-19 17:28:55,Sensor1,23.00,21.70,0,410,2,4,7
2026-03-19 17:28:56,Sensor1,23.00,21.70,0,400,2,4,7
2026-03-19 17:28:57,Sensor1,23.00,21.70,0,406,2,3,7
2026-03-19 17:28:58,Sensor1,23.00,21.70,0,404,2,3,7
2026-03-19 17:28:59,Sensor1,23.00,21.70,0,400,2,4,7
2026-03-19 17:29:00,Sensor1,23.00,21.70,0,400,2,4,7
2026-03-19 17:29:01,Sensor1,23.00,21.60,0,400,3,4,7
2026-03-19 17:29:02,Sensor1,23.00,21.60,0,400,3,4,7
2026-03-19 17:29:03,Sensor1,23.00,21.60,0,400,3,4,4
2026-03-19 17:29:04,Sensor1,23.00,21.60,0,400,3,4,4
2026-03-19 17:29:05,Sensor1,23.00,21.60,0,400,3,4,4
2026-03-19 17:29:06,Sensor1,23.00,21.60,0,400,3,4,4
2026-03-19 17:29:07,Sensor1,23.00,21.60,0,400,4,5,5
2026-03-19 17:29:08,Sensor1,23.00,21.60,0,400,4,5,5
2026-03-19 17:29:09,Sensor1,23.00,21.60,0,400,4,5,5
2026-03-19 17:29:10,Sensor1,23.00,21.60,0,400,4,5,5
2026-03-19 17:29:11,Sensor1,23.00,21.60,0,400,4,5,5
2026-03-19 17:29:12,Sensor1,23.00,21.60,0,400,4,5,5
2026-03-19 17:29:13,Sensor1,23.00,21.60,0,400,4,4,4
2026-03-19 17:29:14,Sensor1,23.00,21.60,0,400,4,4,4
2026-03-19 17:29:15,Sensor1,23.00,21.60,0,400,4,5,5
2026-03-19 17:29:16,Sensor1,23.00,21.60,0,402,4,5,5
2026-03-19 17:29:17,Sensor1,23.00,21.50,0,400,4,6,6
2026-03-19 17:29:18,Sensor1,23.00,21.50,0,400,4,6,6
2026-03-19 17:29:19,Sensor1,23.00,21.50,0,400,4,6,6
2026-03-19 17:29:20,Sensor1,23.00,21.50,0,407,4,6,6
2026-03-19 17:29:21,Sensor1,23.00,21.50,0,405,4,6,7
2026-03-19 17:29:22,Sensor1,23.00,21.50,0,400,4,6,7
2026-03-19 17:29:23,Sensor1,23.00,21.50,0,400,4,7,8
2026-03-19 17:29:24,Sensor1,23.00,21.50,0,400,4,7,8
2026-03-19 17:29:25,Sensor1,23.00,21.50,0,409,4,7,7
2026-03-19 17:29:26,Sensor1,23.00,21.50,0,403,4,7,7
2026-03-19 17:29:27,Sensor1,23.00,21.50,0,405,4,7,7
2026-03-19 17:29:28,Sensor1,23.00,21.50,0,400,4,7,7
2026-03-19 17:29:29,Sensor1,23.10,21.50,0,400,4,6,7
2026-03-19 17:29:30,Sensor1,23.10,21.50,0,400,4,6,7
2026-03-19 17:29:31,Sensor1,23.00,21.50,0,404,4,6,7
2026-03-19 17:29:32,Sensor1,23.00,21.50,0,403,4,6,7
2026-03-19 17:29:33,Sensor1,23.10,21.50,0,400,3,4,5
2026-03-19 17:29:34,Sensor1,23.10,21.50,0,402,3,4,5
2026-03-19 17:29:35,Sensor1,23.10,21.50,0,400,3,5,5
2026-03-19 17:29:36,Sensor1,23.10,21.50,0,400,3,5,5
2026-03-19 17:29:37,Sensor1,23.10,21.50,0,400,4,6,6
2026-03-19 17:29:38,Sensor1,23.10,21.50,0,400,4,6,6
2026-03-19 17:29:39,Sensor1,23.00,21.50,0,400,4,5,5
2026-03-19 17:29:40,Sensor1,23.00,21.50,0,400,3,4,4
2026-03-19 17:29:41,Sensor1,23.00,21.50,0,400,3,4,4
2026-03-19 17:29:42,Sensor1,23.00,21.50,0,400,3,4,4
2026-03-19 17:29:43,Sensor1,23.00,21.50,0,400,3,4,4
2026-03-19 17:29:44,Sensor1,23.00,21.50,0,400,3,4,4
2026-03-19 17:29:45,Sensor1,23.10,21.50,0,400,3,3,3
2026-03-19 17:29:46,Sensor1,23.10,21.50,0,400,3,3,3
2026-03-19 17:29:47,Sensor1,23.10,21.50,0,400,3,4,4
2026-03-19 17:29:48,Sensor1,23.10,21.50,0,400,4,5,5
2026-03-19 17:29:49,Sensor1,23.10,21.50,0,400,4,5,5
2026-03-19 17:29:50,Sensor1,23.10,21.50,0,400,4,5,5
2026-03-19 17:29:51,Sensor1,23.00,21.50,0,400,4,5,5
2026-03-19 17:29:52,Sensor1,23.00,21.50,0,400,4,5,5
2026-03-19 17:29:53,Sensor1,23.10,21.50,0,400,4,4,4
2026-03-19 17:29:54,Sensor1,23.10,21.50,0,400,4,5,5
2026-03-19 17:29:55,Sensor1,23.00,21.50,0,400,4,5,5
2026-03-19 17:29:56,Sensor1,23.00,21.50,0,400,4,5,5
2026-03-19 17:29:57,Sensor1,23.10,21.40,0,400,4,4,4
2026-03-19 17:29:58,Sensor1,23.10,21.40,0,400,4,4,4
2026-03-19 17:29:59,Sensor1,23.00,21.40,0,400,4,4,4
2026-03-19 17:30:00,Sensor1,23.00,21.40,0,400,5,5,5
2026-03-19 17:30:01,Sensor1,23.10,21.40,0,400,5,5,5
2026-03-19 17:30:02,Sensor1,23.10,21.40,0,400,5,5,5
2026-03-19 17:30:03,Sensor1,23.10,21.40,0,400,4,5,5
2026-03-19 17:30:04,Sensor1,23.10,21.40,0,400,4,5,5
2026-03-19 17:30:05,Sensor1,23.10,21.40,0,400,4,5,5
2026-03-19 17:30:06,Sensor1,23.10,21.40,0,400,4,5,5
2026-03-19 17:30:07,Sensor1,23.00,21.40,0,400,4,6,6
2026-03-19 17:30:08,Sensor1,23.00,21.40,0,400,4,6,6
2026-03-19 17:30:09,Sensor1,23.10,21.30,0,400,4,5,5
2026-03-19 17:30:10,Sensor1,23.10,21.30,0,400,4,5,5
2026-03-19 17:30:11,Sensor1,23.10,21.30,0,400,4,5,5
2026-03-19 17:30:12,Sensor1,23.10,21.30,0,400,4,5,5
2026-03-19 17:30:13,Sensor1,23.10,21.40,0,400,3,5,7
2026-03-19 17:30:14,Sensor1,23.10,21.40,0,400,3,5,7
2026-03-19 17:30:15,Sensor1,23.10,21.30,0,400,3,5,7
2026-03-19 17:30:16,Sensor1,23.10,21.30,0,400,3,5,7
2026-03-19 17:30:17,Sensor1,23.00,21.40,0,400,3,5,6
2026-03-19 17:30:18,Sensor1,23.00,21.40,0,400,3,5,6
2026-03-19 17:30:19,Sensor1,23.10,21.30,0,400,3,5,6
2026-03-19 17:30:20,Sensor1,23.10,21.30,0,400,3,5,6
2026-03-19 17:30:21,Sensor1,23.10,21.40,0,400,3,4,6
2026-03-19 17:30:22,Sensor1,23.10,21.40,0,400,3,4,6
2026-03-19 17:30:23,Sensor1,23.00,21.40,0,400,3,5,7
2026-03-19 17:30:24,Sensor1,23.00,21.40,0,400,3,5,6
2026-03-19 17:30:25,Sensor1,23.00,21.50,0,400,4,6,7
2026-03-19 17:30:26,Sensor1,23.00,21.50,0,400,4,6,7
2026-03-19 17:30:27,Sensor1,23.10,21.50,0,400,3,6,7
2026-03-19 17:30:28,Sensor1,23.10,21.50,0,400,3,6,7
2026-03-19 17:30:29,Sensor1,23.10,21.50,0,400,3,5,7
2026-03-19 17:30:30,Sensor1,23.10,21.50,0,400,3,5,7
2026-03-19 17:30:31,Sensor1,23.10,21.50,0,400,4,5,5
2026-03-19 17:30:32,Sensor1,23.10,21.50,0,400,4,5,5
2026-03-19 17:30:33,Sensor1,23.10,21.50,0,400,3,5,5
2026-03-19 17:30:34,Sensor1,23.10,21.50,0,400,3,5,5
2026-03-19 17:30:35,Sensor1,23.10,21.50,0,400,3,6,6
2026-03-19 17:30:36,Sensor1,23.10,21.50,0,400,3,6,6
2026-03-19 17:30:37,Sensor1,23.00,21.50,0,400,3,6,6
2026-03-19 17:30:38,Sensor1,23.00,21.50,0,400,4,7,7
2026-03-19 17:30:39,Sensor1,23.00,21.50,0,400,4,6,6
2026-03-19 17:30:40,Sensor1,23.00,21.50,0,400,4,6,6
2026-03-19 17:30:41,Sensor1,23.00,21.50,0,400,4,6,6
2026-03-19 17:30:42,Sensor1,23.00,21.50,0,400,4,6,6
2026-03-19 17:30:43,Sensor1,23.10,21.50,0,400,4,6,6
2026-03-19 17:30:44,Sensor1,23.10,21.50,0,400,4,6,6
2026-03-19 17:30:45,Sensor1,23.10,21.50,0,400,4,6,6
2026-03-19 17:30:46,Sensor1,23.10,21.50,0,400,4,6,6
2026-03-19 17:30:47,Sensor1,23.10,21.50,0,400,4,7,7
2026-03-19 17:30:48,Sensor1,23.10,21.50,0,400,4,7,7
2026-03-19 17:30:49,Sensor1,23.10,21.50,0,400,4,7,7
2026-03-19 17:30:50,Sensor1,23.10,21.50,0,400,4,7,7
2026-03-19 17:30:51,Sensor1,23.10,21.50,0,400,5,7,7
2026-03-19 17:30:52,Sensor1,23.10,21.50,0,400,4,6,6
2026-03-19 17:30:53,Sensor1,23.10,21.50,0,400,5,9,9
2026-03-19 17:30:54,Sensor1,23.10,21.50,0,400,5,9,9
2026-03-19 17:30:55,Sensor1,23.10,21.50,0,400,4,8,9
2026-03-19 17:30:56,Sensor1,23.10,21.50,0,400,4,8,9
2026-03-19 17:30:57,Sensor1,23.10,21.50,0,400,5,8,9
2026-03-19 17:30:58,Sensor1,23.10,21.50,0,400,5,8,9
2026-03-19 17:30:59,Sensor1,23.10,21.40,0,400,5,9,10
2026-03-19 17:31:00,Sensor1,23.10,21.40,0,400,5,9,10
2026-03-19 17:31:01,Sensor1,23.10,21.40,0,400,5,9,10
2026-03-19 17:31:02,Sensor1,23.10,21.40,0,400,5,9,10
2026-03-19 17:31:03,Sensor1,23.10,21.40,0,400,5,9,10
2026-03-19 17:31:04,Sensor1,23.10,21.40,0,400,5,9,10
2026-03-19 17:31:05,Sensor1,23.10,21.40,0,400,5,8,9
2026-03-19 17:31:07,Sensor1,23.10,21.40,0,400,5,8,9
2026-03-19 17:31:07,Sensor1,23.10,21.40,0,400,5,7,8
2026-03-19 17:31:08,Sensor1,23.10,21.40,0,400,5,7,8
2026-03-19 17:31:09,Sensor1,23.10,21.40,0,400,5,7,8
2026-03-19 17:31:10,Sensor1,23.10,21.40,0,400,5,7,8
2026-03-19 17:31:11,Sensor1,23.00,21.40,0,400,4,7,8
2026-03-19 17:31:12,Sensor1,23.00,21.40,0,400,4,7,8
2026-03-19 17:31:13,Sensor1,23.00,21.40,0,400,4,7,7
2026-03-19 17:31:14,Sensor1,23.00,21.40,0,400,4,7,7
2026-03-19 17:31:15,Sensor1,23.10,21.40,0,400,4,8,9
2026-03-19 17:31:16,Sensor1,23.10,21.40,0,400,4,8,9
2026-03-19 17:31:17,Sensor1,23.10,21.40,0,400,4,8,9
2026-03-19 17:31:18,Sensor1,23.10,21.40,0,400,4,8,9
2026-03-19 17:31:19,Sensor1,23.00,21.50,0,400,5,8,9
2026-03-19 17:31:21,Sensor1,23.00,21.50,0,400,3,7,10
2026-03-19 17:31:22,Sensor1,23.10,21.40,0,400,3,6,9
2026-03-19 17:31:22,Sensor1,23.10,21.40,0,400,3,6,9
2026-03-19 17:31:23,Sensor1,23.10,21.40,0,400,4,8,11
2026-03-19 17:31:24,Sensor1,23.10,21.40,0,400,4,8,11
2026-03-19 17:31:25,Sensor1,23.00,21.50,0,400,4,8,11
2026-03-19 17:31:26,Sensor1,23.00,21.50,0,400,4,8,11
2026-03-19 17:31:27,Sensor1,23.00,21.40,0,400,4,7,10
2026-03-19 17:31:28,Sensor1,23.00,21.40,0,400,4,7,10
2026-03-19 17:31:29,Sensor1,23.00,21.40,0,400,5,8,11
2026-03-19 17:31:30,Sensor1,23.00,21.40,0,400,5,8,11
2026-03-19 17:31:31,Sensor1,23.10,21.40,0,400,5,9,12
2026-03-19 17:31:32,Sensor1,23.10,21.40,0,400,5,9,12
2026-03-19 17:31:33,Sensor1,23.00,21.40,0,400,5,9,11
2026-03-19 17:31:34,Sensor1,23.00,21.40,0,400,5,9,10
2026-03-19 17:31:35,Sensor1,23.10,21.40,0,400,4,8,10
2026-03-19 17:31:37,Sensor1,23.10,21.40,0,400,5,9,9
2026-03-19 17:31:38,Sensor1,23.10,21.40,0,400,5,10,10
2026-03-19 17:31:39,Sensor1,23.10,21.40,0,400,5,10,10
2026-03-19 17:31:39,Sensor1,23.10,21.40,0,400,5,9,9
2026-03-19 17:31:40,Sensor1,23.10,21.40,0,400,4,7,7
2026-03-19 17:31:41,Sensor1,23.10,21.40,0,400,5,8,9
2026-03-19 17:31:42,Sensor1,23.10,21.40,0,400,5,8,9
2026-03-19 17:31:43,Sensor1,23.10,21.40,0,400,5,7,9
2026-03-19 17:31:44,Sensor1,23.10,21.40,0,400,5,7,9
2026-03-19 17:31:45,Sensor1,23.00,21.40,0,400,5,7,9
2026-03-19 17:31:46,Sensor1,23.00,21.40,0,400,5,7,9
2026-03-19 17:31:47,Sensor1,23.00,21.40,0,400,4,7,9
2026-03-19 17:31:48,Sensor1,23.00,21.40,0,400,4,7,9
2026-03-19 17:31:49,Sensor1,23.00,21.40,0,400,4,7,8
2026-03-19 17:31:50,Sensor1,23.00,21.40,0,400,4,7,8
2026-03-19 17:31:51,Sensor1,23.00,21.40,0,400,5,8,9
2026-03-19 17:31:52,Sensor1,23.00,21.40,0,400,5,8,9
2026-03-19 17:31:54,Sensor1,23.00,21.40,0,400,5,7,8
2026-03-19 17:31:55,Sensor1,23.00,21.40,0,400,5,7,8
2026-03-19 17:31:55,Sensor1,23.00,21.40,0,400,5,7,9
2026-03-19 17:31:56,Sensor1,23.00,21.40,0,400,5,7,9
2026-03-19 17:31:57,Sensor1,23.00,21.40,0,400,4,7,7
2026-03-19 17:31:58,Sensor1,23.00,21.40,0,400,4,7,7
2026-03-19 17:31:59,Sensor1,23.00,21.40,0,400,4,6,8
2026-03-19 17:32:00,Sensor1,23.00,21.40,0,400,4,6,8
2026-03-19 17:32:01,Sensor1,23.00,21.40,0,400,4,6,7
2026-03-19 17:32:02,Sensor1,23.00,21.40,0,400,4,6,7
2026-03-19 17:32:03,Sensor1,23.00,21.40,0,400,3,5,7
2026-03-19 17:32:04,Sensor1,23.00,21.40,0,400,3,5,7
2026-03-19 17:32:05,Sensor1,23.00,21.40,0,400,3,5,7
2026-03-19 17:32:07,Sensor1,23.00,21.40,0,400,3,5,8
2026-03-19 17:32:08,Sensor1,23.00,21.40,0,400,3,5,8
2026-03-19 17:32:09,Sensor1,23.00,21.40,0,400,3,5,8
2026-03-19 17:32:10,Sensor1,23.00,21.40,0,400,4,6,9
2026-03-19 17:32:10,Sensor1,23.00,21.40,0,400,4,6,9
2026-03-19 17:32:11,Sensor1,23.00,21.40,0,400,4,6,10
2026-03-19 17:32:12,Sensor1,23.00,21.40,0,400,4,6,10
2026-03-19 17:32:13,Sensor1,23.00,21.40,0,400,4,6,10
2026-03-19 17:32:14,Sensor1,23.00,21.40,0,400,4,6,10
2026-03-19 17:32:15,Sensor1,23.00,21.40,0,400,4,6,10
2026-03-19 17:32:16,Sensor1,23.00,21.40,0,400,4,6,10
2026-03-19 17:32:17,Sensor1,23.00,21.40,0,400,4,6,9
2026-03-19 17:32:18,Sensor1,23.00,21.40,0,400,4,6,9
2026-03-19 17:32:19,Sensor1,23.00,21.40,0,400,5,6,9
2026-03-19 17:32:21,Sensor1,23.00,21.40,0,400,5,7,10
2026-03-19 17:32:22,Sensor1,23.00,21.40,0,400,5,6,9
2026-03-19 17:32:23,Sensor1,23.00,21.40,0,400,5,6,9
2026-03-19 17:32:24,Sensor1,23.00,21.40,0,400,4,6,8
2026-03-19 17:32:25,Sensor1,23.00,21.40,0,400,4,6,8
2026-03-19 17:32:25,Sensor1,23.00,21.40,0,400,4,5,7
2026-03-19 17:32:26,Sensor1,23.00,21.40,0,400,4,5,7
2026-03-19 17:32:27,Sensor1,23.00,21.40,0,400,4,5,7
2026-03-19 17:32:28,Sensor1,23.00,21.40,0,400,4,5,7
2026-03-19 17:32:29,Sensor1,23.00,21.40,0,400,4,5,6
2026-03-19 17:32:30,Sensor1,23.00,21.40,0,400,4,5,6
2026-03-19 17:32:31,Sensor1,23.00,21.40,0,400,3,5,5
2026-03-19 17:32:32,Sensor1,23.00,21.40,0,400,3,5,5
2026-03-19 17:32:33,Sensor1,23.00,21.40,0,400,3,5,5
2026-03-19 17:32:34,Sensor1,23.00,21.40,0,400,3,5,5
2026-03-19 17:32:36,Sensor1,23.00,21.40,0,400,3,4,5
2026-03-19 17:32:37,Sensor1,23.00,21.40,0,400,3,4,5
2026-03-19 17:32:38,Sensor1,23.00,21.40,0,400,3,4,5
2026-03-19 17:32:39,Sensor1,23.00,21.40,0,400,3,4,5
2026-03-19 17:32:39,Sensor1,23.00,21.40,0,400,3,4,5
2026-03-19 17:32:40,Sensor1,23.00,21.40,0,400,3,4,5
2026-03-19 17:32:41,Sensor1,23.00,21.40,0,400,3,4,5
2026-03-19 17:32:42,Sensor1,23.00,21.40,0,400,3,4,5
2026-03-19 17:32:43,Sensor1,23.00,21.40,0,400,3,4,5
2026-03-19 17:32:44,Sensor1,23.00,21.40,0,400,3,4,5
2026-03-19 17:32:45,Sensor1,23.00,21.40,0,400,3,3,5
2026-03-19 17:32:46,Sensor1,23.00,21.40,0,400,3,3,5
2026-03-19 17:32:47,Sensor1,23.00,21.40,0,400,3,3,4
2026-03-19 17:32:48,Sensor1,23.00,21.40,0,400,3,3,4
2026-03-19 17:32:49,Sensor1,23.00,21.40,0,400,4,4,4
2026-03-19 17:32:51,Sensor1,23.00,21.40,0,400,3,4,5
2026-03-19 17:32:52,Sensor1,23.00,21.40,0,400,3,5,5
2026-03-19 17:32:53,Sensor1,23.00,21.40,0,400,3,5,5
2026-03-19 17:32:54,Sensor1,23.00,21.40,0,400,4,5,6
2026-03-19 17:32:54,Sensor1,23.00,21.40,0,400,4,5,6
2026-03-19 17:32:55,Sensor1,23.00,21.40,0,400,3,4,5
2026-03-19 17:32:56,Sensor1,23.00,21.40,0,400,3,4,5
2026-03-19 17:32:57,Sensor1,23.00,21.40,0,400,2,4,4
2026-03-19 17:32:58,Sensor1,23.00,21.40,0,400,2,4,4
2026-03-19 17:32:59,Sensor1,23.00,21.40,0,400,4,5,6
2026-03-19 17:33:00,Sensor1,23.00,21.40,0,400,4,5,6
2026-03-19 17:33:01,Sensor1,23.00,21.40,0,400,4,5,6
2026-03-19 17:33:02,Sensor1,23.00,21.40,0,400,4,5,6
2026-03-19 17:33:03,Sensor1,23.00,21.40,0,400,4,5,6
2026-03-19 17:33:05,Sensor1,23.00,21.40,0,400,3,5,5
2026-03-19 17:33:06,Sensor1,23.00,21.40,0,400,3,4,5
2026-03-19 17:33:07,Sensor1,23.00,21.40,0,400,3,4,5
2026-03-19 17:33:08,Sensor1,23.00,21.40,0,400,3,5,5
2026-03-19 17:33:08,Sensor1,23.00,21.40,0,400,3,5,5
2026-03-19 17:33:09,Sensor1,23.00,21.40,0,400,3,4,4
2026-03-19 17:33:10,Sensor1,23.00,21.40,0,400,3,4,4
2026-03-19 17:33:11,Sensor1,23.00,21.40,0,400,3,4,4
2026-03-19 17:33:12,Sensor1,23.00,21.40,0,400,3,4,4
2026-03-19 17:33:13,Sensor1,23.00,21.40,0,400,3,4,4
2026-03-19 17:33:14,Sensor1,23.00,21.40,0,400,3,4,4
2026-03-19 17:33:15,Sensor1,23.00,21.40,0,400,3,4,4
2026-03-19 17:33:16,Sensor1,23.00,21.40,0,400,3,4,4
2026-03-19 17:33:17,Sensor1,23.00,21.40,0,400,3,4,4
2026-03-19 17:33:18,Sensor1,23.00,21.40,0,400,3,4,4
2026-03-19 17:33:20,Sensor1,23.00,21.40,0,400,2,3,3
2026-03-19 17:33:21,Sensor1,23.00,21.40,0,400,2,3,3
2026-03-19 17:33:22,Sensor1,23.00,21.40,0,400,2,4,4
2026-03-19 17:33:23,Sensor1,23.00,21.40,0,400,3,5,5
2026-03-19 17:33:23,Sensor1,23.00,21.40,0,400,3,4,4
2026-03-19 17:33:24,Sensor1,23.00,21.40,0,400,3,4,4
2026-03-19 17:33:25,Sensor1,23.00,21.40,0,400,3,4,4
2026-03-19 17:33:26,Sensor1,23.00,21.40,0,400,3,4,4
2026-03-19 17:33:27,Sensor1,23.00,21.40,0,400,4,5,5
2026-03-19 17:33:28,Sensor1,23.00,21.40,0,400,4,5,5
2026-03-19 17:33:29,Sensor1,23.10,21.40,0,400,3,5,5
2026-03-19 17:33:30,Sensor1,23.10,21.40,0,400,3,5,5
2026-03-19 17:33:31,Sensor1,23.00,21.40,0,400,3,4,4
2026-03-19 17:33:32,Sensor1,23.00,21.40,0,400,3,4,4
2026-03-19 17:33:33,Sensor1,23.10,21.40,0,400,3,5,5
2026-03-19 17:33:35,Sensor1,23.10,21.40,0,400,2,4,4
2026-03-19 17:33:36,Sensor1,23.00,21.30,0,400,2,4,4
2026-03-19 17:33:37,Sensor1,23.00,21.30,0,400,2,4,4
2026-03-19 17:33:38,Sensor1,23.00,21.30,0,400,3,5,5
2026-03-19 17:33:38,Sensor1,23.00,21.30,0,400,3,5,5
2026-03-19 17:33:39,Sensor1,23.00,21.30,0,400,4,6,6
2026-03-19 17:33:40,Sensor1,23.00,21.30,0,400,4,6,6
2026-03-19 17:33:41,Sensor1,23.10,21.30,0,400,4,6,6
2026-03-19 17:33:42,Sensor1,23.10,21.30,0,400,4,6,6
2026-03-19 17:33:43,Sensor1,23.00,21.30,0,400,4,6,6
2026-03-19 17:33:44,Sensor1,23.00,21.30,0,400,4,6,6
2026-03-19 17:33:45,Sensor1,23.10,21.30,0,400,4,5,5
2026-03-19 17:33:46,Sensor1,23.10,21.30,0,400,4,5,5
2026-03-19 17:33:47,Sensor1,23.00,21.30,0,400,3,5,5
2026-03-19 17:33:49,Sensor1,23.00,21.30,0,400,4,5,5
2026-03-19 17:33:50,Sensor1,23.10,21.30,0,400,4,5,5
2026-03-19 17:33:51,Sensor1,23.10,21.30,0,400,4,5,5
2026-03-19 17:33:52,Sensor1,23.10,21.30,0,400,4,5,5
2026-03-19 17:33:52,Sensor1,23.10,21.30,0,400,4,5,5
2026-03-19 17:33:53,Sensor1,23.10,21.30,0,400,4,5,5
2026-03-19 17:33:54,Sensor1,23.10,21.30,0,400,4,5,5
2026-03-19 17:33:55,Sensor1,23.10,21.30,0,400,4,5,5
2026-03-19 17:33:56,Sensor1,23.10,21.30,0,400,4,5,5
2026-03-19 17:33:57,Sensor1,23.00,21.30,0,400,3,4,4
2026-03-19 17:33:58,Sensor1,23.00,21.30,0,400,3,4,4
2026-03-19 17:33:59,Sensor1,23.10,21.30,0,400,3,4,4
2026-03-19 17:34:00,Sensor1,23.10,21.30,0,400,3,4,4
2026-03-19 17:34:01,Sensor1,23.10,21.30,0,400,3,4,6
2026-03-19 17:34:02,Sensor1,23.10,21.30,0,400,3,4,6
2026-03-19 17:34:04,Sensor1,23.10,21.30,0,400,4,5,7
2026-03-19 17:34:05,Sensor1,23.10,21.30,0,400,4,5,7
2026-03-19 17:34:06,Sensor1,23.10,21.30,0,400,4,5,8
2026-03-19 17:34:07,Sensor1,23.10,21.30,0,400,4,5,8
2026-03-19 17:34:07,Sensor1,23.10,21.30,0,400,4,6,8
2026-03-19 17:34:08,Sensor1,23.10,21.30,0,400,4,6,8
2026-03-19 17:34:09,Sensor1,23.00,21.30,0,400,4,6,8
2026-03-19 17:34:10,Sensor1,23.00,21.30,0,400,4,6,8
2026-03-19 17:34:11,Sensor1,23.10,21.30,0,400,4,6,8
2026-03-19 17:34:12,Sensor1,23.10,21.30,0,400,4,6,8
2026-03-19 17:34:13,Sensor1,23.10,21.30,0,400,4,6,9
2026-03-19 17:34:14,Sensor1,23.10,21.30,0,400,4,6,9
2026-03-19 17:34:15,Sensor1,23.10,21.30,0,400,4,6,9
2026-03-19 17:34:17,Sensor1,23.10,21.30,0,400,4,7,9
2026-03-19 17:34:18,Sensor1,23.10,21.30,0,400,4,6,8
2026-03-19 17:34:19,Sensor1,23.10,21.30,0,400,3,5,7
2026-03-19 17:34:20,Sensor1,23.10,21.30,0,400,3,5,5
2026-03-19 17:34:21,Sensor1,23.10,21.30,0,400,3,5,5
2026-03-19 17:34:22,Sensor1,23.10,21.30,0,400,3,5,6
2026-03-19 17:34:22,Sensor1,23.10,21.30,0,400,4,6,7
2026-03-19 17:34:23,Sensor1,23.10,21.30,0,400,5,7,7
2026-03-19 17:34:24,Sensor1,23.10,21.30,0,400,5,7,7
2026-03-19 17:34:25,Sensor1,23.10,21.20,0,400,4,6,7
2026-03-19 17:34:26,Sensor1,23.10,21.20,0,400,4,6,7
2026-03-19 17:34:27,Sensor1,23.10,21.20,0,400,4,6,7
2026-03-19 17:34:28,Sensor1,23.10,21.20,0,400,3,5,6
2026-03-19 17:34:29,Sensor1,23.10,21.20,0,400,3,4,4
2026-03-19 17:34:31,Sensor1,23.10,21.20,0,400,4,5,5
2026-03-19 17:34:32,Sensor1,23.10,21.20,0,400,4,5,5
2026-03-19 17:34:33,Sensor1,23.10,21.20,0,400,4,5,5
2026-03-19 17:34:34,Sensor1,23.10,21.30,0,400,4,5,5
2026-03-19 17:34:35,Sensor1,23.10,21.30,0,400,4,5,5
2026-03-19 17:34:36,Sensor1,23.10,21.30,0,400,4,5,5
2026-03-19 17:34:36,Sensor1,23.10,21.30,0,400,4,5,5
2026-03-19 17:34:37,Sensor1,23.10,21.30,0,400,4,5,5
2026-03-19 17:34:38,Sensor1,23.10,21.30,0,400,4,5,5
2026-03-19 17:34:39,Sensor1,23.10,21.30,0,400,3,4,4
2026-03-19 17:34:40,Sensor1,23.10,21.30,0,400,3,4,4
2026-03-19 17:34:41,Sensor1,23.10,21.20,0,400,3,4,4
2026-03-19 17:34:42,Sensor1,23.10,21.20,0,400,3,4,4
2026-03-19 17:34:43,Sensor1,23.10,21.30,0,400,2,3,3
2026-03-19 17:34:44,Sensor1,23.10,21.30,0,400,2,3,3
2026-03-19 17:34:46,Sensor1,23.00,21.20,0,400,3,5,5
2026-03-19 17:34:47,Sensor1,23.00,21.20,0,400,3,5,5
2026-03-19 17:34:48,Sensor1,23.10,21.20,0,400,3,6,6
2026-03-19 17:34:49,Sensor1,23.10,21.20,0,400,3,6,6
2026-03-19 17:34:50,Sensor1,23.10,21.20,0,400,4,6,6
2026-03-19 17:34:51,Sensor1,23.10,21.20,0,400,4,6,6
2026-03-19 17:34:51,Sensor1,23.10,21.20,0,400,4,5,5
2026-03-19 17:34:52,Sensor1,23.10,21.20,0,400,4,5,5
2026-03-19 17:34:53,Sensor1,23.10,21.20,0,400,3,5,5
2026-03-19 17:34:54,Sensor1,23.10,21.20,0,400,3,5,5
2026-03-19 17:34:55,Sensor1,23.10,21.20,0,400,3,5,5
2026-03-19 17:34:56,Sensor1,23.10,21.20,0,400,3,5,5
2026-03-19 17:34:57,Sensor1,23.10,21.20,0,400,3,5,5
2026-03-19 17:34:58,Sensor1,23.10,21.20,0,400,2,4,4
2026-03-19 17:34:59,Sensor1,23.10,21.20,0,400,2,4,4
2026-03-19 17:35:01,Sensor1,23.10,21.20,0,400,3,5,5
2026-03-19 17:35:02,Sensor1,23.10,21.20,0,400,3,5,5
2026-03-19 17:35:03,Sensor1,23.10,21.20,0,400,3,5,5
2026-03-19 17:35:04,Sensor1,23.10,21.20,0,400,2,3,4
2026-03-19 17:35:05,Sensor1,23.10,21.20,0,400,2,3,4
2026-03-19 17:35:06,Sensor1,23.10,21.20,0,400,2,3,4
2026-03-19 17:35:06,Sensor1,23.10,21.20,0,400,2,3,4
2026-03-19 17:35:07,Sensor1,23.10,21.20,0,400,3,4,4
2026-03-19 17:35:08,Sensor1,23.10,21.20,0,400,3,4,4
2026-03-19 17:35:09,Sensor1,23.10,21.20,0,400,3,4,4
2026-03-19 17:35:10,Sensor1,23.10,21.20,0,400,3,4,4
2026-03-19 17:35:11,Sensor1,23.10,21.20,0,400,3,4,5
2026-03-19 17:35:12,Sensor1,23.10,21.20,0,400,3,4,5
2026-03-19 17:35:13,Sensor1,23.10,21.20,0,400,2,3,4
2026-03-19 17:35:15,Sensor1,23.10,21.20,0,400,2,3,4
2026-03-19 17:35:16,Sensor1,23.10,21.20,0,400,3,4,5
2026-03-19 17:35:17,Sensor1,23.10,21.20,0,400,3,4,5
2026-03-19 17:35:18,Sensor1,23.10,21.20,0,400,3,4,5
2026-03-19 17:35:19,Sensor1,23.10,21.20,0,400,2,3,4
2026-03-19 17:35:20,Sensor1,23.00,21.20,0,400,2,3,4
2026-03-19 17:35:20,Sensor1,23.00,21.20,0,400,2,3,4
2026-03-19 17:35:21,Sensor1,23.10,21.20,0,400,2,3,3
2026-03-19 17:35:22,Sensor1,23.10,21.20,0,400,2,3,3
2026-03-19 17:35:23,Sensor1,23.10,21.20,0,400,2,2,2
2026-03-19 17:35:24,Sensor1,23.10,21.20,0,400,2,2,2
2026-03-19 17:35:25,Sensor1,23.10,21.20,0,400,3,3,3
2026-03-19 17:35:26,Sensor1,23.10,21.20,0,400,3,3,3
2026-03-19 17:35:27,Sensor1,23.00,21.20,0,400,3,3,3
2026-03-19 17:35:28,Sensor1,23.00,21.20,0,400,3,3,3
2026-03-19 17:35:30,Sensor1,23.10,21.20,0,400,3,4,4
2026-03-19 17:35:31,Sensor1,23.10,21.20,0,400,3,4,4
2026-03-19 17:35:32,Sensor1,23.00,21.20,0,400,3,4,4
2026-03-19 17:35:33,Sensor1,23.00,21.20,0,400,3,4,4
2026-03-19 17:35:34,Sensor1,23.10,21.20,0,400,3,4,4
2026-03-19 17:35:35,Sensor1,23.10,21.20,0,400,3,4,4
2026-03-19 17:35:35,Sensor1,23.10,21.20,0,400,3,4,4
2026-03-19 17:35:36,Sensor1,23.10,21.20,0,400,3,4,4
2026-03-19 17:35:37,Sensor1,23.10,21.20,0,400,3,4,4
2026-03-19 17:35:38,Sensor1,23.10,21.20,0,400,3,4,4
2026-03-19 17:35:39,Sensor1,23.10,21.20,0,400,3,4,4
2026-03-19 17:35:40,Sensor1,23.10,21.20,0,400,3,4,4
2026-03-19 17:35:41,Sensor1,23.10,21.20,0,400,3,4,4
2026-03-19 17:35:42,Sensor1,23.10,21.20,0,400,3,4,4
2026-03-19 17:35:43,Sensor1,23.10,21.20,0,400,3,4,4
2026-03-19 17:35:45,Sensor1,23.10,21.20,0,400,3,4,4
2026-03-19 17:35:46,Sensor1,23.10,21.20,0,400,3,3,3
2026-03-19 17:35:47,Sensor1,23.10,21.20,0,400,3,3,3
2026-03-19 17:35:48,Sensor1,23.10,21.20,0,400,3,3,3
2026-03-19 17:35:49,Sensor1,23.10,21.20,0,400,3,3,3
2026-03-19 17:35:50,Sensor1,23.00,21.20,0,400,3,3,3
2026-03-19 17:35:50,Sensor1,23.00,21.20,0,400,3,3,3
2026-03-19 17:35:51,Sensor1,23.10,21.20,0,400,3,3,3
2026-03-19 17:35:52,Sensor1,23.10,21.20,0,400,3,3,3
2026-03-19 17:35:53,Sensor1,23.10,21.20,0,400,3,4,4
2026-03-19 17:35:54,Sensor1,23.10,21.20,0,400,3,4,4
2026-03-19 17:35:55,Sensor1,23.00,21.20,0,400,3,4,4
2026-03-19 17:35:56,Sensor1,23.00,21.20,0,400,3,4,4
2026-03-19 17:35:57,Sensor1,23.10,21.20,0,400,4,4,4
2026-03-19 17:35:59,Sensor1,23.10,21.20,0,400,4,4,6
2026-03-19 17:36:00,Sensor1,23.10,21.20,0,400,4,5,7
2026-03-19 17:36:01,Sensor1,23.10,21.20,0,400,4,5,7
2026-03-19 17:36:02,Sensor1,23.00,21.20,0,400,4,5,7
2026-03-19 17:36:03,Sensor1,23.00,21.20,0,400,4,5,7
2026-03-19 17:36:04,Sensor1,23.10,21.20,0,400,4,6,7
2026-03-19 17:36:05,Sensor1,23.10,21.20,0,400,4,6,7
2026-03-19 17:36:06,Sensor1,23.10,21.20,0,400,4,7,8
2026-03-19 17:36:07,Sensor1,23.10,21.20,0,400,4,7,8
2026-03-19 17:36:07,Sensor1,23.00,21.20,0,400,4,7,8
2026-03-19 17:36:08,Sensor1,23.00,21.20,0,400,4,7,8
2026-03-19 17:36:09,Sensor1,23.00,21.20,0,400,4,7,8
2026-03-19 17:36:10,Sensor1,23.00,21.20,0,400,4,7,8
2026-03-19 17:36:11,Sensor1,23.00,21.20,0,400,4,7,9
2026-03-19 17:36:12,Sensor1,23.00,21.20,0,400,4,7,9
2026-03-19 17:36:14,Sensor1,23.00,21.20,0,400,4,6,8
2026-03-19 17:36:15,Sensor1,23.00,21.20,0,400,4,6,8
2026-03-19 17:36:16,Sensor1,23.00,21.20,0,400,4,6,7
2026-03-19 17:36:17,Sensor1,23.00,21.20,0,400,4,6,7
2026-03-19 17:36:18,Sensor1,23.00,21.20,0,400,4,6,7
2026-03-19 17:36:19,Sensor1,23.00,21.20,0,400,4,6,7
2026-03-19 17:36:20,Sensor1,23.00,21.20,0,400,4,6,6
2026-03-19 17:36:21,Sensor1,23.00,21.20,0,400,4,6,6
2026-03-19 17:36:22,Sensor1,23.00,21.20,0,400,3,6,6
2026-03-19 17:36:23,Sensor1,23.00,21.20,0,400,3,6,6
2026-03-19 17:36:24,Sensor1,23.00,21.20,0,400,3,5,5
2026-03-19 17:36:25,Sensor1,23.00,21.20,0,400,3,5,5
2026-03-19 17:36:26,Sensor1,23.00,21.10,0,400,3,5,6
2026-03-19 17:36:27,Sensor1,23.00,21.10,0,400,3,5,6
2026-03-19 17:36:28,Sensor1,23.00,21.10,0,400,3,5,5
2026-03-19 17:36:29,Sensor1,23.00,21.10,0,400,3,5,5
2026-03-19 17:36:30,Sensor1,23.00,21.10,0,400,2,4,5
2026-03-19 17:36:31,Sensor1,23.00,21.10,0,400,2,4,5
2026-03-19 17:36:32,Sensor1,23.00,21.10,0,400,2,4,6
2026-03-19 17:36:33,Sensor1,23.00,21.10,0,400,2,4,6
2026-03-19 17:36:34,Sensor1,23.00,21.00,0,400,4,6,8
2026-03-19 17:36:35,Sensor1,23.00,21.00,0,400,4,6,8
2026-03-19 17:36:36,Sensor1,23.00,21.10,0,400,4,6,8
2026-03-19 17:36:37,Sensor1,23.00,21.10,0,400,4,6,8
2026-03-19 17:36:38,Sensor1,23.00,21.00,0,400,4,6,8
2026-03-19 17:36:39,Sensor1,23.00,21.00,0,400,4,6,8
2026-03-19 17:36:40,Sensor1,23.00,21.00,0,400,4,5,7
2026-03-19 17:36:41,Sensor1,23.00,21.00,0,400,4,5,8
2026-03-19 17:36:42,Sensor1,23.00,21.00,0,400,4,5,7
2026-03-19 17:36:43,Sensor1,23.00,21.00,0,400,4,5,7
2026-03-19 17:36:44,Sensor1,23.00,21.00,0,400,4,5,7
2026-03-19 17:36:45,Sensor1,23.00,21.00,0,400,4,5,7
2026-03-19 17:36:46,Sensor1,23.00,21.00,0,400,4,6,8
2026-03-19 17:36:47,Sensor1,23.00,21.00,0,400,4,6,8
2026-03-19 17:36:48,Sensor1,23.00,21.00,0,400,4,5,7
2026-03-19 17:36:49,Sensor1,23.00,21.00,0,400,4,5,7
2026-03-19 17:36:50,Sensor1,23.00,21.00,0,400,4,5,6
2026-03-19 17:36:51,Sensor1,23.00,21.00,0,400,4,5,6
2026-03-19 17:36:52,Sensor1,23.00,21.00,0,400,4,5,5
2026-03-19 17:36:53,Sensor1,23.00,21.00,0,400,4,5,5
2026-03-19 17:36:54,Sensor1,23.00,21.00,0,400,4,4,5
2026-03-19 17:36:55,Sensor1,23.00,21.00,0,400,4,4,5
2026-03-19 17:36:56,Sensor1,23.00,21.00,0,400,4,4,5
2026-03-19 17:36:57,Sensor1,23.00,21.00,0,400,4,4,5
2026-03-19 17:36:58,Sensor1,23.00,21.00,0,400,3,4,5
2026-03-19 17:36:59,Sensor1,23.00,21.00,0,400,3,4,5
2026-03-19 17:37:00,Sensor1,23.00,21.00,0,400,3,4,5
2026-03-19 17:37:01,Sensor1,23.00,21.00,0,400,3,4,5
2026-03-19 17:37:02,Sensor1,23.00,21.00,0,400,3,4,4
2026-03-19 17:37:03,Sensor1,23.00,21.00,0,400,3,4,4
2026-03-19 17:37:04,Sensor1,23.00,21.00,0,400,3,3,4
2026-03-19 17:37:05,Sensor1,23.00,21.00,0,400,3,3,4
2026-03-19 17:37:06,Sensor1,23.00,21.00,0,400,3,3,4
2026-03-19 17:37:07,Sensor1,23.00,21.00,0,400,3,3,4
2026-03-19 17:37:08,Sensor1,23.00,21.00,0,400,3,3,4
2026-03-19 17:37:09,Sensor1,23.00,21.00,0,400,3,3,4
2026-03-19 17:37:10,Sensor1,23.00,21.00,0,400,2,2,2
2026-03-19 17:37:11,Sensor1,23.00,21.00,0,400,2,3,3
2026-03-19 17:37:12,Sensor1,23.00,21.10,0,400,3,4,4
2026-03-19 17:37:13,Sensor1,23.00,21.10,0,400,3,4,4
2026-03-19 17:37:14,Sensor1,23.00,21.00,0,400,3,4,4
2026-03-19 17:37:15,Sensor1,23.00,21.00,0,400,3,4,4
2026-03-19 17:37:16,Sensor1,23.00,21.00,0,400,4,5,5
2026-03-19 17:37:17,Sensor1,23.00,21.00,0,400,4,5,5
2026-03-19 17:37:18,Sensor1,23.00,21.10,0,400,4,5,5
2026-03-19 17:37:19,Sensor1,23.00,21.10,0,400,4,5,5
2026-03-19 17:37:20,Sensor1,23.00,21.00,0,400,4,5,5
2026-03-19 17:37:21,Sensor1,23.00,21.00,0,400,4,5,5
2026-03-19 17:37:22,Sensor1,23.00,21.10,0,400,4,5,5
2026-03-19 17:37:23,Sensor1,23.00,21.10,0,400,4,5,5
2026-03-19 17:37:24,Sensor1,23.00,21.10,0,400,4,5,5
2026-03-19 17:37:25,Sensor1,23.00,21.10,0,400,4,5,5
2026-03-19 17:37:26,Sensor1,23.00,21.10,0,400,4,5,5
2026-03-19 17:37:27,Sensor1,23.00,21.10,0,400,4,5,5
2026-03-19 17:37:28,Sensor1,23.00,21.10,0,400,4,5,5
2026-03-19 17:37:29,Sensor1,23.00,21.10,0,400,4,5,5
2026-03-19 17:37:30,Sensor1,23.00,21.10,0,400,4,5,5
2026-03-19 17:37:31,Sensor1,23.00,21.10,0,400,4,5,5
2026-03-19 17:37:32,Sensor1,23.00,21.10,0,400,3,4,6
2026-03-19 17:37:33,Sensor1,23.00,21.10,0,400,3,4,6
2026-03-19 17:37:34,Sensor1,23.00,21.10,0,400,3,4,5
2026-03-19 17:37:35,Sensor1,23.00,21.10,0,400,3,4,5
2026-03-19 17:37:36,Sensor1,23.00,21.10,0,400,3,4,6
2026-03-19 17:37:37,Sensor1,23.00,21.10,0,400,3,4,6
2026-03-19 17:37:38,Sensor1,23.00,21.10,0,400,3,4,5
2026-03-19 17:37:39,Sensor1,23.00,21.10,0,400,3,4,5
2026-03-19 17:37:40,Sensor1,23.00,21.10,0,400,3,4,6
2026-03-19 17:37:41,Sensor1,23.00,21.10,0,400,3,4,6
2026-03-19 17:37:42,Sensor1,23.00,21.10,0,400,3,4,6
2026-03-19 17:37:43,Sensor1,23.00,21.10,0,400,3,4,6
2026-03-19 17:37:44,Sensor1,23.00,21.10,0,400,2,4,6
2026-03-19 17:37:45,Sensor1,23.00,21.10,0,400,2,4,6
2026-03-19 17:37:46,Sensor1,23.00,21.10,0,400,3,5,6
2026-03-19 17:37:47,Sensor1,23.00,21.10,0,400,3,5,6
2026-03-19 17:37:48,Sensor1,23.00,21.10,0,400,3,5,6
2026-03-19 17:37:49,Sensor1,23.00,21.10,0,400,3,5,6
2026-03-19 17:37:50,Sensor1,23.00,21.00,0,400,3,5,5
2026-03-19 17:37:51,Sensor1,23.00,21.00,0,400,3,5,5
2026-03-19 17:37:52,Sensor1,23.00,21.10,0,400,3,5,5
2026-03-19 17:37:53,Sensor1,23.00,21.10,0,400,3,5,5
2026-03-19 17:37:54,Sensor1,23.00,21.00,0,400,4,5,5
2026-03-19 17:37:55,Sensor1,23.00,21.00,0,400,4,6,6
2026-03-19 17:37:56,Sensor1,23.00,21.10,0,400,5,6,6
2026-03-19 17:37:57,Sensor1,23.00,21.10,0,400,5,6,6
2026-03-19 17:37:58,Sensor1,23.00,21.10,0,400,4,5,5
2026-03-19 17:37:59,Sensor1,23.00,21.10,0,400,4,5,5
2026-03-19 17:38:00,Sensor1,23.00,21.10,0,400,4,6,6
2026-03-19 17:38:01,Sensor1,23.00,21.10,0,400,4,6,6
2026-03-19 17:38:02,Sensor1,23.00,21.00,0,400,5,6,6
2026-03-19 17:38:03,Sensor1,23.00,21.00,0,400,5,6,6
2026-03-19 17:38:04,Sensor1,23.00,21.00,0,400,4,6,8
2026-03-19 17:38:05,Sensor1,23.00,21.00,0,400,4,6,8
2026-03-19 17:38:06,Sensor1,23.00,21.00,0,400,4,7,8
2026-03-19 17:38:07,Sensor1,23.00,21.00,0,400,4,7,8
2026-03-19 17:38:08,Sensor1,23.00,21.00,0,400,5,7,9
2026-03-19 17:38:09,Sensor1,23.00,21.00,0,400,5,8,9
2026-03-19 17:38:10,Sensor1,23.00,21.00,0,400,5,7,8
2026-03-19 17:38:11,Sensor1,23.00,21.00,0,400,5,7,8
2026-03-19 17:38:12,Sensor1,23.00,21.00,0,400,4,7,8
2026-03-19 17:38:13,Sensor1,23.00,21.00,0,400,4,7,8
2026-03-19 17:38:14,Sensor1,23.00,21.00,0,400,4,6,8
2026-03-19 17:38:15,Sensor1,23.00,21.00,0,400,4,6,8
2026-03-19 17:38:16,Sensor1,23.00,21.00,0,400,4,6,7
2026-03-19 17:38:17,Sensor1,23.00,21.00,0,400,4,6,7
2026-03-19 17:38:18,Sensor1,23.00,21.10,0,400,3,5,6
2026-03-19 17:38:19,Sensor1,23.00,21.10,0,400,3,5,6
2026-03-19 17:38:20,Sensor1,23.00,21.00,0,400,2,4,5
2026-03-19 17:38:21,Sensor1,23.00,21.00,0,400,2,4,5
2026-03-19 17:38:22,Sensor1,23.00,21.10,0,400,3,4,4
2026-03-19 17:38:23,Sensor1,23.00,21.10,0,400,3,4,4
2026-03-19 17:38:24,Sensor1,23.00,21.00,0,400,3,4,4
2026-03-19 17:38:25,Sensor1,23.00,21.00,0,400,3,4,4
2026-03-19 17:38:26,Sensor1,23.00,21.10,0,400,3,4,4
2026-03-19 17:38:27,Sensor1,23.00,21.10,0,400,3,4,4
2026-03-19 17:38:28,Sensor1,23.00,21.00,0,400,3,4,4
2026-03-19 17:38:29,Sensor1,23.00,21.00,0,400,3,4,4
2026-03-19 17:38:30,Sensor1,23.00,21.00,0,400,3,5,5
2026-03-19 17:38:31,Sensor1,23.00,21.00,0,400,3,5,5
2026-03-19 17:38:32,Sensor1,23.00,21.00,0,400,3,4,4
2026-03-19 17:38:33,Sensor1,23.00,21.00,0,400,3,4,4
2026-03-19 17:38:34,Sensor1,23.00,21.00,0,400,3,4,4
2026-03-19 17:38:35,Sensor1,23.00,21.00,0,400,3,4,4
2026-03-19 17:38:36,Sensor1,23.00,21.00,0,400,3,4,4
2026-03-19 17:38:37,Sensor1,23.00,21.00,0,400,3,4,4
2026-03-19 17:38:38,Sensor1,23.00,21.00,0,400,3,5,6
2026-03-19 17:38:39,Sensor1,23.00,21.00,0,400,4,6,7
2026-03-19 17:38:40,Sensor1,23.00,21.00,0,400,4,6,7
2026-03-19 17:38:41,Sensor1,23.00,21.00,0,400,4,6,7
2026-03-19 17:38:42,Sensor1,23.00,21.00,0,400,4,6,6
2026-03-19 17:38:43,Sensor1,23.00,21.00,0,400,4,6,6
2026-03-19 17:38:44,Sensor1,23.00,21.00,0,400,4,6,7
2026-03-19 17:38:45,Sensor1,23.00,21.00,0,400,4,6,7
2026-03-19 17:38:46,Sensor1,23.00,21.00,0,400,4,6,7
2026-03-19 17:38:47,Sensor1,23.00,21.00,0,400,4,6,7
2026-03-19 17:38:48,Sensor1,23.00,21.00,0,400,4,6,7
2026-03-19 17:38:49,Sensor1,23.00,21.00,0,400,4,6,7
2026-03-19 17:38:50,Sensor1,23.00,21.00,0,400,4,6,7
2026-03-19 17:38:51,Sensor1,23.00,21.00,0,400,4,6,7
2026-03-19 17:38:52,Sensor1,23.00,21.00,0,400,4,6,7
2026-03-19 17:38:53,Sensor1,23.00,21.00,0,400,4,6,7
2026-03-19 17:38:54,Sensor1,23.00,21.00,0,400,4,6,6
2026-03-19 17:38:55,Sensor1,23.00,21.00,0,400,4,6,6
2026-03-19 17:38:56,Sensor1,23.00,21.00,0,400,3,5,6
2026-03-19 17:38:57,Sensor1,23.00,21.00,0,400,3,5,6
2026-03-19 17:38:58,Sensor1,23.00,21.00,0,400,3,4,5
2026-03-19 17:38:59,Sensor1,23.00,21.00,0,400,3,4,5
2026-03-19 17:39:00,Sensor1,23.00,21.00,0,400,3,5,5
2026-03-19 17:39:01,Sensor1,23.00,21.00,0,400,3,5,5
2026-03-19 17:39:02,Sensor1,23.00,21.00,0,400,3,4,5
2026-03-19 17:39:03,Sensor1,23.00,21.00,0,400,3,4,5
2026-03-19 17:39:04,Sensor1,23.00,21.00,0,400,3,4,4
2026-03-19 17:39:05,Sensor1,23.00,21.00,0,400,3,4,4
2026-03-19 17:39:06,Sensor1,23.00,21.00,0,400,3,4,5
2026-03-19 17:39:07,Sensor1,23.00,21.00,0,400,3,4,5
2026-03-19 17:39:08,Sensor1,23.00,21.00,0,400,3,4,4
2026-03-19 17:39:09,Sensor1,23.00,21.00,0,400,3,4,4
2026-03-19 17:39:10,Sensor1,23.00,21.00,0,400,3,4,5
2026-03-19 17:39:11,Sensor1,23.00,21.00,0,400,3,4,5
2026-03-19 17:39:12,Sensor1,23.00,21.00,0,400,3,4,5
2026-03-19 17:39:13,Sensor1,23.00,21.00,0,400,3,4,5
2026-03-19 17:39:14,Sensor1,23.00,21.00,0,400,3,3,5
2026-03-19 17:39:15,Sensor1,23.00,21.00,0,400,3,3,5
2026-03-19 17:39:16,Sensor1,23.00,21.00,0,400,3,4,5
2026-03-19 17:39:17,Sensor1,23.00,21.00,0,400,3,4,5
2026-03-19 17:39:18,Sensor1,23.00,21.00,0,400,4,5,7
2026-03-19 17:39:19,Sensor1,23.00,21.00,0,400,4,5,7
2026-03-19 17:39:20,Sensor1,23.10,21.00,0,400,3,5,7
2026-03-19 17:39:22,Sensor1,23.10,21.00,0,400,4,5,7
2026-03-19 17:39:22,Sensor1,23.10,21.00,0,400,4,5,8
2026-03-19 17:39:23,Sensor1,23.10,21.00,0,400,4,5,8
2026-03-19 17:39:24,Sensor1,23.10,21.00,0,400,4,5,9
2026-03-19 17:39:25,Sensor1,23.10,21.00,0,400,4,5,9
2026-03-19 17:39:26,Sensor1,23.00,21.00,0,400,4,5,9
2026-03-19 17:39:27,Sensor1,23.00,21.00,0,400,4,5,9
2026-03-19 17:39:28,Sensor1,23.00,21.00,0,400,4,5,8
2026-03-19 17:39:29,Sensor1,23.00,21.00,0,400,4,5,8
2026-03-19 17:39:30,Sensor1,23.00,21.00,0,400,4,5,8
2026-03-19 17:39:31,Sensor1,23.00,21.00,0,400,4,5,8
2026-03-19 17:39:32,Sensor1,23.00,21.00,0,400,5,6,9
2026-03-19 17:39:33,Sensor1,23.00,21.00,0,400,5,6,9
2026-03-19 17:39:34,Sensor1,23.10,21.00,0,400,4,6,9
2026-03-19 17:39:36,Sensor1,23.10,21.00,0,400,4,5,7
2026-03-19 17:39:37,Sensor1,23.10,21.00,0,400,4,6,7
2026-03-19 17:39:37,Sensor1,23.10,21.00,0,400,4,6,7
2026-03-19 17:39:38,Sensor1,23.00,21.00,0,400,4,5,7
2026-03-19 17:39:39,Sensor1,23.00,21.00,0,400,4,5,7
2026-03-19 17:39:40,Sensor1,23.00,21.00,0,400,3,4,6
2026-03-19 17:39:41,Sensor1,23.00,21.00,0,400,3,4,6
2026-03-19 17:39:42,Sensor1,23.10,21.00,0,400,4,5,5
2026-03-19 17:39:43,Sensor1,23.10,21.00,0,400,4,5,5
2026-03-19 17:39:44,Sensor1,23.10,21.00,0,400,3,5,5
2026-03-19 17:39:45,Sensor1,23.10,21.00,0,400,3,5,5
2026-03-19 17:39:46,Sensor1,23.10,21.00,0,400,4,5,5
2026-03-19 17:39:47,Sensor1,23.10,21.00,0,400,4,5,5
2026-03-19 17:39:48,Sensor1,23.10,21.00,0,400,3,5,5
2026-03-19 17:39:49,Sensor1,23.10,21.00,0,400,3,5,5
2026-03-19 17:39:51,Sensor1,23.00,21.00,0,400,4,6,6
2026-03-19 17:39:52,Sensor1,23.00,21.00,0,400,4,6,6
2026-03-19 17:39:52,Sensor1,23.10,21.00,0,400,4,6,6
2026-03-19 17:39:53,Sensor1,23.10,21.00,0,400,4,6,6
2026-03-19 17:39:54,Sensor1,23.10,21.00,0,400,4,6,6
2026-03-19 17:39:55,Sensor1,23.10,21.00,0,400,4,6,6
2026-03-19 17:39:56,Sensor1,23.10,21.00,0,400,4,7,7
2026-03-19 17:39:57,Sensor1,23.10,21.00,0,400,4,7,7
2026-03-19 17:39:58,Sensor1,23.10,21.00,0,400,5,8,8
2026-03-19 17:39:59,Sensor1,23.10,21.00,0,400,5,8,8
2026-03-19 17:40:00,Sensor1,23.10,21.00,0,400,5,8,8
2026-03-19 17:40:01,Sensor1,23.10,21.00,0,400,5,8,8
2026-03-19 17:40:02,Sensor1,23.10,21.00,0,400,4,8,8
2026-03-19 17:40:03,Sensor1,23.10,21.00,0,400,4,8,8
2026-03-19 17:40:04,Sensor1,23.00,21.00,0,400,4,9,9
2026-03-19 17:40:06,Sensor1,23.00,21.00,0,400,4,7,7
2026-03-19 17:40:06,Sensor1,23.10,21.00,0,400,3,6,6
2026-03-19 17:40:07,Sensor1,23.10,21.00,0,400,3,6,6
2026-03-19 17:40:08,Sensor1,23.10,21.00,0,400,3,7,7
2026-03-19 17:40:09,Sensor1,23.10,21.00,0,400,3,7,7
2026-03-19 17:40:10,Sensor1,23.10,21.00,0,400,4,7,7
2026-03-19 17:40:11,Sensor1,23.10,21.00,0,400,4,7,7
2026-03-19 17:40:12,Sensor1,23.10,21.00,0,400,3,6,6
2026-03-19 17:40:13,Sensor1,23.10,21.00,0,400,3,6,6
2026-03-19 17:40:14,Sensor1,23.10,21.00,0,400,3,6,6
2026-03-19 17:40:15,Sensor1,23.10,21.00,0,400,3,6,6
2026-03-19 17:40:16,Sensor1,23.10,21.00,0,400,3,5,5
2026-03-19 17:40:17,Sensor1,23.10,21.00,0,400,3,5,5
2026-03-19 17:40:18,Sensor1,23.10,21.00,0,400,3,5,5
2026-03-19 17:40:20,Sensor1,23.10,21.00,0,400,3,5,5
2026-03-19 17:40:21,Sensor1,23.10,21.00,0,400,3,4,4
2026-03-19 17:40:21,Sensor1,23.10,21.00,0,400,3,4,4
2026-03-19 17:40:22,Sensor1,23.10,21.00,0,400,3,5,5
2026-03-19 17:40:23,Sensor1,23.10,21.00,0,400,3,5,5
2026-03-19 17:40:24,Sensor1,23.00,21.00,0,400,3,6,7
2026-03-19 17:40:25,Sensor1,23.00,21.00,0,400,3,6,7
2026-03-19 17:40:26,Sensor1,23.10,21.00,0,400,3,6,7
2026-03-19 17:40:27,Sensor1,23.10,21.00,0,400,3,6,7
2026-03-19 17:40:28,Sensor1,23.10,21.00,0,400,3,6,7
2026-03-19 17:40:29,Sensor1,23.10,21.00,0,400,3,6,7
2026-03-19 17:40:30,Sensor1,23.10,21.00,0,400,3,7,7
2026-03-19 17:40:31,Sensor1,23.10,21.00,0,400,3,7,7
2026-03-19 17:40:32,Sensor1,23.10,21.00,0,400,4,6,7
2026-03-19 17:40:33,Sensor1,23.10,21.00,0,400,4,6,7
2026-03-19 17:40:35,Sensor1,23.10,21.00,0,400,4,6,7
2026-03-19 17:40:36,Sensor1,23.10,21.00,0,400,4,6,7
2026-03-19 17:40:36,Sensor1,23.10,21.00,0,400,4,6,7
2026-03-19 17:40:37,Sensor1,23.10,21.00,0,400,4,6,7
2026-03-19 17:40:38,Sensor1,23.10,20.90,0,400,3,6,6
2026-03-19 17:40:39,Sensor1,23.10,20.90,0,400,3,6,6
2026-03-19 17:40:40,Sensor1,23.10,20.90,0,400,3,5,5
2026-03-19 17:40:41,Sensor1,23.10,20.90,0,400,3,5,5
2026-03-19 17:40:42,Sensor1,23.10,21.00,0,400,3,5,6
2026-03-19 17:40:43,Sensor1,23.10,21.00,0,400,3,5,6
2026-03-19 17:40:44,Sensor1,23.10,20.90,0,400,3,4,6
2026-03-19 17:40:45,Sensor1,23.10,20.90,0,400,3,4,6
2026-03-19 17:40:46,Sensor1,23.10,20.90,0,400,3,4,6
2026-03-19 17:40:47,Sensor1,23.10,20.90,0,400,3,4,6
2026-03-19 17:40:48,Sensor1,23.10,20.90,0,400,3,3,5
2026-03-19 17:40:50,Sensor1,23.10,20.90,0,400,3,3,5
2026-03-19 17:40:50,Sensor1,23.10,20.90,0,400,3,4,5
2026-03-19 17:40:51,Sensor1,23.10,20.90,0,400,3,4,5
2026-03-19 17:40:52,Sensor1,23.10,20.90,0,400,3,4,6
2026-03-19 17:40:53,Sensor1,23.10,20.90,0,400,3,4,6
2026-03-19 17:40:54,Sensor1,23.10,20.90,0,400,3,4,6
2026-03-19 17:40:55,Sensor1,23.10,20.90,0,400,3,4,6
2026-03-19 17:40:56,Sensor1,23.10,20.90,0,400,3,5,6
2026-03-19 17:40:57,Sensor1,23.10,20.90,0,400,3,5,6
2026-03-19 17:40:58,Sensor1,23.10,20.90,0,400,3,5,6
2026-03-19 17:40:59,Sensor1,23.10,20.90,0,400,3,5,6
2026-03-19 17:41:00,Sensor1,23.10,20.90,0,400,3,4,4
2026-03-19 17:41:01,Sensor1,23.10,20.90,0,400,3,4,4
2026-03-19 17:41:02,Sensor1,23.10,20.90,0,400,3,4,4
2026-03-19 17:41:04,Sensor1,23.10,20.90,0,400,3,4,4
2026-03-19 17:41:05,Sensor1,23.10,20.90,0,400,3,5,5
2026-03-19 17:41:05,Sensor1,23.10,20.90,0,400,3,5,5
2026-03-19 17:41:06,Sensor1,23.10,20.90,0,400,3,4,4
2026-03-19 17:41:07,Sensor1,23.10,20.90,0,400,3,4,4
2026-03-19 17:41:08,Sensor1,23.10,20.90,0,400,3,4,4
2026-03-19 17:41:09,Sensor1,23.10,20.90,0,400,3,4,4
2026-03-19 17:41:10,Sensor1,23.10,20.90,0,400,3,4,4
2026-03-19 17:41:11,Sensor1,23.10,20.90,0,400,3,4,4
2026-03-19 17:41:12,Sensor1,23.10,20.90,0,400,3,4,4
2026-03-19 17:41:13,Sensor1,23.10,20.90,0,400,3,4,4
2026-03-19 17:41:14,Sensor1,23.10,20.90,0,400,3,3,3
2026-03-19 17:41:15,Sensor1,23.10,20.90,0,400,3,3,3
2026-03-19 17:41:16,Sensor1,23.10,20.90,0,400,3,4,4
2026-03-19 17:41:17,Sensor1,23.10,20.90,0,400,3,4,4
2026-03-19 17:41:19,Sensor1,23.10,20.90,0,400,4,5,5
2026-03-19 17:41:20,Sensor1,23.10,20.90,0,400,4,5,5
2026-03-19 17:41:20,Sensor1,23.10,20.90,0,400,4,5,5
2026-03-19 17:41:21,Sensor1,23.10,20.90,0,400,4,5,5
2026-03-19 17:41:22,Sensor1,23.10,20.90,0,400,3,5,5
2026-03-19 17:41:23,Sensor1,23.10,20.90,0,400,2,4,4
2026-03-19 17:41:24,Sensor1,23.10,20.90,0,400,3,4,4
2026-03-19 17:41:25,Sensor1,23.10,20.90,0,400,3,4,4
2026-03-19 17:41:26,Sensor1,23.10,20.90,0,400,4,5,5
2026-03-19 17:41:27,Sensor1,23.10,20.90,0,400,4,5,5
2026-03-19 17:41:28,Sensor1,23.10,20.90,0,400,4,6,6
2026-03-19 17:41:29,Sensor1,23.10,20.90,0,400,4,6,6
2026-03-19 17:41:30,Sensor1,23.10,20.90,0,400,4,6,6
2026-03-19 17:41:31,Sensor1,23.10,20.90,0,400,4,6,6
2026-03-19 17:41:32,Sensor1,23.10,20.90,0,400,3,5,5
2026-03-19 17:41:34,Sensor1,23.10,20.90,0,400,3,5,5
2026-03-19 17:41:34,Sensor1,23.10,20.90,0,400,3,5,5
2026-03-19 17:41:35,Sensor1,23.10,20.90,0,400,3,5,5
2026-03-19 17:41:36,Sensor1,23.10,20.90,0,400,3,5,5
2026-03-19 17:41:37,Sensor1,23.10,20.90,0,400,3,5,5
2026-03-19 17:41:38,Sensor1,23.10,20.90,0,400,3,5,5
2026-03-19 17:41:39,Sensor1,23.10,20.90,0,400,3,5,5
2026-03-19 17:41:40,Sensor1,23.10,20.90,0,400,3,6,6
2026-03-19 17:41:41,Sensor1,23.10,20.90,0,400,3,6,6
2026-03-19 17:41:42,Sensor1,23.10,20.90,0,400,3,6,6
2026-03-19 17:41:43,Sensor1,23.10,20.90,0,400,3,6,6
2026-03-19 17:41:44,Sensor1,23.10,20.90,0,400,3,6,6
2026-03-19 17:41:45,Sensor1,23.10,20.90,0,400,3,6,6
2026-03-19 17:41:46,Sensor1,23.10,20.90,0,400,3,6,6
2026-03-19 17:41:48,Sensor1,23.10,20.90,0,400,3,5,5
2026-03-19 17:41:49,Sensor1,23.10,20.90,0,400,3,5,5
2026-03-19 17:41:49,Sensor1,23.10,20.90,0,400,4,6,6
2026-03-19 17:41:50,Sensor1,23.10,21.00,0,400,4,7,7
2026-03-19 17:41:51,Sensor1,23.10,21.00,0,400,4,7,7
2026-03-19 17:41:52,Sensor1,23.10,21.00,0,400,3,6,6
2026-03-19 17:41:53,Sensor1,23.10,21.00,0,400,3,6,6
2026-03-19 17:41:54,Sensor1,23.10,21.00,0,400,3,5,7
2026-03-19 17:41:55,Sensor1,23.10,21.00,0,400,3,5,7
2026-03-19 17:41:56,Sensor1,23.10,21.00,0,400,4,6,7
2026-03-19 17:41:57,Sensor1,23.10,21.00,0,400,4,6,7
2026-03-19 17:41:58,Sensor1,23.10,20.90,0,400,3,5,6
2026-03-19 17:41:59,Sensor1,23.10,20.90,0,400,3,5,6
2026-03-19 17:42:00,Sensor1,23.10,21.00,0,400,4,5,7
2026-03-19 17:42:01,Sensor1,23.10,21.00,0,400,4,5,7
2026-03-19 17:42:03,Sensor1,23.10,21.00,0,400,3,5,7
2026-03-19 17:42:04,Sensor1,23.10,21.00,0,400,3,5,7
2026-03-19 17:42:04,Sensor1,23.10,20.90,0,400,3,5,7
2026-03-19 17:42:05,Sensor1,23.10,20.90,0,400,3,5,7
2026-03-19 17:42:06,Sensor1,23.10,20.90,0,400,3,5,8
2026-03-19 17:42:07,Sensor1,23.10,20.90,0,400,2,4,7
2026-03-19 17:42:08,Sensor1,23.10,20.90,0,400,2,3,6
2026-03-19 17:42:09,Sensor1,23.10,20.90,0,400,2,3,6
2026-03-19 17:42:10,Sensor1,23.10,20.90,0,400,2,3,6
2026-03-19 17:42:11,Sensor1,23.10,20.90,0,400,2,3,6
2026-03-19 17:42:12,Sensor1,23.10,20.90,0,400,2,3,4
2026-03-19 17:42:13,Sensor1,23.10,20.90,0,400,2,3,4
2026-03-19 17:42:14,Sensor1,23.10,20.90,0,400,3,5,5
2026-03-19 17:42:16,Sensor1,23.10,20.90,0,400,3,5,6
2026-03-19 17:42:17,Sensor1,23.10,20.90,0,400,2,4,5
2026-03-19 17:42:18,Sensor1,23.10,20.90,0,400,2,4,5
2026-03-19 17:42:19,Sensor1,23.10,20.90,0,400,2,4,5
2026-03-19 17:42:19,Sensor1,23.10,20.90,0,400,3,5,6
2026-03-19 17:42:20,Sensor1,23.10,20.90,0,400,3,5,5
2026-03-19 17:42:21,Sensor1,23.10,20.90,0,400,3,5,5
2026-03-19 17:42:22,Sensor1,23.10,20.90,0,400,2,4,4
2026-03-19 17:42:23,Sensor1,23.10,20.90,0,400,2,4,4
2026-03-19 17:42:24,Sensor1,23.10,20.90,0,400,2,3,3
2026-03-19 17:42:25,Sensor1,23.10,20.90,0,400,2,3,3
2026-03-19 17:42:26,Sensor1,23.10,20.90,0,400,2,3,3
2026-03-19 17:42:27,Sensor1,23.10,20.90,0,400,2,3,3
2026-03-19 17:42:28,Sensor1,23.10,20.90,0,400,3,4,4
2026-03-19 17:42:30,Sensor1,23.10,20.90,0,400,3,5,5
2026-03-19 17:42:31,Sensor1,23.10,20.90,0,400,3,5,5
2026-03-19 17:42:32,Sensor1,23.10,20.90,0,400,3,5,5
2026-03-19 17:42:33,Sensor1,23.10,20.90,0,400,3,5,5
2026-03-19 17:42:33,Sensor1,23.10,20.90,0,400,3,5,5
2026-03-19 17:42:34,Sensor1,23.10,20.90,0,400,3,4,4
2026-03-19 17:42:35,Sensor1,23.10,20.90,0,400,3,4,4
2026-03-19 17:42:36,Sensor1,23.10,20.90,0,400,3,4,4
2026-03-19 17:42:37,Sensor1,23.10,20.90,0,400,3,4,4
2026-03-19 17:42:38,Sensor1,23.10,20.90,0,400,3,4,4
2026-03-19 17:42:39,Sensor1,23.10,20.90,0,400,3,4,4
2026-03-19 17:42:40,Sensor1,23.10,20.90,0,400,3,5,5
2026-03-19 17:42:41,Sensor1,23.10,20.90,0,400,3,5,5
2026-03-19 17:42:42,Sensor1,23.10,21.00,0,400,3,5,5
2026-03-19 17:42:43,Sensor1,23.10,21.00,0,400,3,5,5
2026-03-19 17:42:45,Sensor1,23.10,21.00,0,400,3,4,4
2026-03-19 17:42:46,Sensor1,23.10,21.00,0,400,3,4,4
2026-03-19 17:42:47,Sensor1,23.10,20.90,0,400,3,4,4
2026-03-19 17:42:48,Sensor1,23.10,20.90,0,400,3,4,4
2026-03-19 17:42:48,Sensor1,23.10,20.90,0,400,3,4,4
2026-03-19 17:42:49,Sensor1,23.10,20.90,0,400,3,4,4
2026-03-19 17:42:50,Sensor1,23.10,20.90,0,400,3,4,4
2026-03-19 17:42:51,Sensor1,23.10,20.90,0,400,3,4,4
2026-03-19 17:42:52,Sensor1,23.10,20.90,0,400,3,4,4
2026-03-19 17:42:53,Sensor1,23.10,20.90,0,400,3,4,4
2026-03-19 17:42:54,Sensor1,23.10,20.90,0,400,3,4,4
2026-03-19 17:42:55,Sensor1,23.10,20.90,0,400,3,4,4
2026-03-19 17:42:56,Sensor1,23.10,20.90,0,400,3,5,5
2026-03-19 17:42:57,Sensor1,23.10,20.90,0,400,3,5,5
2026-03-19 17:42:58,Sensor1,23.10,21.00,0,400,3,4,4
2026-03-19 17:43:00,Sensor1,23.10,21.00,0,400,3,4,4
2026-03-19 17:43:01,Sensor1,23.10,20.90,0,400,2,4,4
2026-03-19 17:43:02,Sensor1,23.10,20.90,0,400,2,4,4
2026-03-19 17:43:03,Sensor1,23.10,20.90,0,400,2,4,4
2026-03-19 17:43:03,Sensor1,23.10,20.90,0,400,2,4,4
2026-03-19 17:43:04,Sensor1,23.10,20.90,0,400,3,5,5
2026-03-19 17:43:05,Sensor1,23.10,20.90,0,400,3,5,5
2026-03-19 17:43:06,Sensor1,23.10,21.00,0,400,3,5,5
2026-03-19 17:43:07,Sensor1,23.10,21.00,0,400,2,4,4
2026-03-19 17:43:08,Sensor1,23.10,21.00,0,400,3,4,4
2026-03-19 17:43:09,Sensor1,23.10,21.00,0,400,3,4,4
2026-03-19 17:43:10,Sensor1,23.10,21.00,0,400,3,4,4
2026-03-19 17:43:11,Sensor1,23.10,21.00,0,400,3,4,4
2026-03-19 17:43:12,Sensor1,23.10,21.00,0,400,3,4,4
2026-03-19 17:43:14,Sensor1,23.10,21.00,0,400,3,5,5
2026-03-19 17:43:15,Sensor1,23.10,20.90,0,400,3,5,5
2026-03-19 17:43:16,Sensor1,23.10,20.90,0,400,3,5,5
2026-03-19 17:43:17,Sensor1,23.10,20.90,0,400,3,5,5
2026-03-19 17:43:17,Sensor1,23.10,20.90,0,400,3,5,5
2026-03-19 17:43:18,Sensor1,23.10,21.00,0,400,4,6,6
2026-03-19 17:43:19,Sensor1,23.10,21.00,0,400,4,6,6
2026-03-19 17:43:20,Sensor1,23.10,20.90,0,400,4,6,6
2026-03-19 17:43:21,Sensor1,23.10,20.90,0,400,4,6,6
2026-03-19 17:43:22,Sensor1,23.10,21.00,0,400,4,6,6
2026-03-19 17:43:23,Sensor1,23.10,21.00,0,400,4,6,6
2026-03-19 17:43:24,Sensor1,23.10,21.00,0,400,4,7,7
2026-03-19 17:43:25,Sensor1,23.10,21.00,0,400,4,7,7
2026-03-19 17:43:26,Sensor1,23.10,21.00,0,400,3,6,6
2026-03-19 17:43:27,Sensor1,23.10,21.00,0,400,3,6,6
2026-03-19 17:43:29,Sensor1,23.10,21.00,0,400,4,6,6
2026-03-19 17:43:30,Sensor1,23.10,21.00,0,400,4,6,6
2026-03-19 17:43:31,Sensor1,23.10,21.00,0,400,3,5,5
2026-03-19 17:43:32,Sensor1,23.10,21.00,0,400,3,5,5
2026-03-19 17:43:32,Sensor1,23.10,21.00,0,400,3,5,7
2026-03-19 17:43:33,Sensor1,23.10,21.00,0,400,3,5,7
2026-03-19 17:43:34,Sensor1,23.10,21.00,0,400,3,5,7
2026-03-19 17:43:35,Sensor1,23.10,21.00,0,400,3,5,7
2026-03-19 17:43:36,Sensor1,23.10,21.00,0,400,4,6,8
2026-03-19 17:43:37,Sensor1,23.10,21.00,0,400,4,6,8
2026-03-19 17:43:38,Sensor1,23.10,21.00,0,400,4,6,7
2026-03-19 17:43:39,Sensor1,23.10,21.00,0,400,4,6,7
2026-03-19 17:43:40,Sensor1,23.10,21.00,0,400,3,5,7
2026-03-19 17:43:41,Sensor1,23.10,21.00,0,400,3,5,7
2026-03-19 17:43:42,Sensor1,23.10,21.00,0,400,3,5,6
2026-03-19 17:43:44,Sensor1,23.10,21.00,0,400,4,6,8
2026-03-19 17:43:45,Sensor1,23.10,21.00,0,400,4,6,8
2026-03-19 17:43:46,Sensor1,23.10,21.00,0,400,4,6,8
2026-03-19 17:43:47,Sensor1,23.10,21.00,0,400,4,7,8
2026-03-19 17:43:47,Sensor1,23.10,21.00,0,400,4,7,8
2026-03-19 17:43:48,Sensor1,23.10,21.00,0,400,4,7,8
2026-03-19 17:43:49,Sensor1,23.10,21.00,0,400,4,7,8
2026-03-19 17:43:50,Sensor1,23.10,21.00,0,400,5,7,7
2026-03-19 17:43:51,Sensor1,23.10,21.00,0,400,5,7,7
2026-03-19 17:43:52,Sensor1,23.10,21.00,0,400,4,7,7
2026-03-19 17:43:53,Sensor1,23.10,21.00,0,400,4,7,7
2026-03-19 17:43:54,Sensor1,23.10,21.10,0,400,4,6,6
2026-03-19 17:43:55,Sensor1,23.10,21.10,0,400,4,6,6
2026-03-19 17:43:56,Sensor1,23.10,21.10,0,400,4,6,6
2026-03-19 17:43:58,Sensor1,23.10,21.10,0,400,4,6,6
2026-03-19 17:43:59,Sensor1,23.10,21.10,0,400,4,6,6
2026-03-19 17:44:00,Sensor1,23.10,21.10,0,400,4,6,6
2026-03-19 17:44:01,Sensor1,23.10,21.10,0,400,4,5,5
2026-03-19 17:44:01,Sensor1,23.10,21.10,0,400,4,5,5
2026-03-19 17:44:02,Sensor1,23.10,21.10,0,400,4,5,5
2026-03-19 17:44:03,Sensor1,23.10,21.10,0,400,4,5,5
2026-03-19 17:44:04,Sensor1,23.10,21.10,0,400,4,4,4
2026-03-19 17:44:05,Sensor1,23.10,21.10,0,400,4,4,4
2026-03-19 17:44:06,Sensor1,23.10,21.20,0,400,3,4,4
2026-03-19 17:44:07,Sensor1,23.10,21.20,0,400,3,4,4
2026-03-19 17:44:08,Sensor1,23.10,21.20,0,400,3,3,3
2026-03-19 17:44:09,Sensor1,23.10,21.20,0,400,3,3,3
2026-03-19 17:44:10,Sensor1,23.10,21.20,0,400,3,4,4
2026-03-19 17:44:11,Sensor1,23.10,21.20,0,400,3,4,4
2026-03-19 17:44:13,Sensor1,23.10,21.20,0,400,2,3,3
2026-03-19 17:44:14,Sensor1,23.10,21.20,0,400,2,3,3
2026-03-19 17:44:15,Sensor1,23.10,21.20,0,400,2,4,4
2026-03-19 17:44:16,Sensor1,23.10,21.20,0,400,3,5,5
2026-03-19 17:44:16,Sensor1,23.10,21.20,0,400,3,5,5
2026-03-19 17:44:17,Sensor1,23.10,21.20,0,400,3,5,5
2026-03-19 17:44:18,Sensor1,23.10,21.20,0,400,3,5,5
2026-03-19 17:44:19,Sensor1,23.10,21.20,0,400,3,5,5
2026-03-19 17:44:20,Sensor1,23.10,21.20,0,400,3,5,5
2026-03-19 17:44:21,Sensor1,23.10,21.20,0,400,3,5,5
2026-03-19 17:44:22,Sensor1,23.10,21.30,0,400,3,5,5
2026-03-19 17:44:23,Sensor1,23.10,21.30,0,400,3,5,5
2026-03-19 17:44:24,Sensor1,23.10,21.30,0,400,3,5,5
2026-03-19 17:44:25,Sensor1,23.10,21.30,0,400,3,5,5
2026-03-19 17:44:26,Sensor1,23.10,21.30,0,400,3,5,5
2026-03-19 17:44:28,Sensor1,23.10,21.30,0,400,3,4,4
2026-03-19 17:44:29,Sensor1,23.10,21.30,0,400,3,4,4
2026-03-19 17:44:30,Sensor1,23.10,21.30,0,400,3,4,4
2026-03-19 17:44:31,Sensor1,23.10,21.30,0,400,2,3,3
2026-03-19 17:44:31,Sensor1,23.10,21.30,0,400,2,3,3
2026-03-19 17:44:32,Sensor1,23.10,21.30,0,400,2,2,2
2026-03-19 17:44:33,Sensor1,23.10,21.30,0,400,3,3,3
2026-03-19 17:44:34,Sensor1,23.10,21.30,0,400,2,3,3
2026-03-19 17:44:35,Sensor1,23.10,21.30,0,400,2,3,3
2026-03-19 17:44:36,Sensor1,23.10,21.30,0,400,2,3,3
2026-03-19 17:44:37,Sensor1,23.10,21.30,0,400,2,3,3
2026-03-19 17:44:38,Sensor1,23.10,21.30,0,400,2,3,3
2026-03-19 17:44:39,Sensor1,23.10,21.30,0,400,2,3,3
2026-03-19 17:44:40,Sensor1,23.10,21.30,0,400,1,2,2
2026-03-19 17:44:42,Sensor1,23.10,21.30,0,400,1,2,2
2026-03-19 17:44:43,Sensor1,23.10,21.30,0,400,2,3,3
2026-03-19 17:44:44,Sensor1,23.10,21.30,0,400,2,3,3
2026-03-19 17:44:45,Sensor1,23.10,21.30,0,400,2,3,3
2026-03-19 17:44:45,Sensor1,23.10,21.30,0,400,1,2,2
2026-03-19 17:44:46,Sensor1,23.10,21.30,0,400,2,2,2
2026-03-19 17:44:47,Sensor1,23.10,21.30,0,400,2,2,2
2026-03-19 17:44:48,Sensor1,23.20,21.30,0,400,2,3,3
2026-03-19 17:44:49,Sensor1,23.20,21.30,0,400,2,3,3
2026-03-19 17:44:50,Sensor1,23.10,21.30,0,400,2,3,3
2026-03-19 17:44:51,Sensor1,23.10,21.30,0,400,2,3,3
2026-03-19 17:44:52,Sensor1,23.10,21.30,0,400,2,3,3
2026-03-19 17:44:53,Sensor1,23.10,21.30,0,400,2,3,3
2026-03-19 17:44:54,Sensor1,23.20,21.30,0,400,2,3,3
2026-03-19 17:44:55,Sensor1,23.20,21.30,0,400,2,3,3
2026-03-19 17:44:57,Sensor1,23.20,21.30,0,400,2,3,3
2026-03-19 17:44:58,Sensor1,23.20,21.30,0,400,2,3,3
2026-03-19 17:44:59,Sensor1,23.10,21.30,0,400,2,3,3
2026-03-19 17:45:00,Sensor1,23.10,21.30,0,400,2,3,3
2026-03-19 17:45:00,Sensor1,23.10,21.30,0,400,3,5,5
2026-03-19 17:45:01,Sensor1,23.10,21.30,0,400,3,5,5
2026-03-19 17:45:02,Sensor1,23.10,21.30,0,400,4,5,5
2026-03-19 17:45:03,Sensor1,23.10,21.30,0,400,4,5,5
2026-03-19 17:45:04,Sensor1,23.10,21.30,0,400,4,6,7
2026-03-19 17:45:05,Sensor1,23.10,21.30,0,400,4,6,7
2026-03-19 17:45:06,Sensor1,23.10,21.40,0,400,4,6,7
2026-03-19 17:45:07,Sensor1,23.10,21.40,0,400,4,6,7
2026-03-19 17:45:08,Sensor1,23.20,21.30,0,400,4,6,7
2026-03-19 17:45:09,Sensor1,23.20,21.30,0,400,4,6,7
2026-03-19 17:45:10,Sensor1,23.10,21.30,0,400,4,6,7
2026-03-19 17:45:12,Sensor1,23.10,21.30,0,400,4,6,7
2026-03-19 17:45:13,Sensor1,23.10,21.40,0,400,3,5,6
2026-03-19 17:45:14,Sensor1,23.10,21.40,0,400,3,5,6
2026-03-19 17:45:15,Sensor1,23.10,21.30,0,400,3,6,7
2026-03-19 17:45:15,Sensor1,23.10,21.30,0,400,4,7,8
2026-03-19 17:45:16,Sensor1,23.20,21.40,0,400,4,6,7
2026-03-19 17:45:17,Sensor1,23.20,21.40,0,400,4,6,7
2026-03-19 17:45:18,Sensor1,23.10,21.40,0,400,4,6,6
2026-03-19 17:45:19,Sensor1,23.10,21.40,0,400,4,6,6
2026-03-19 17:45:20,Sensor1,23.10,21.30,0,400,4,5,7
2026-03-19 17:45:21,Sensor1,23.10,21.30,0,400,4,5,7
2026-03-19 17:45:22,Sensor1,23.20,21.30,0,400,4,5,6
2026-03-19 17:45:23,Sensor1,23.20,21.30,0,400,4,5,6
2026-03-19 17:45:24,Sensor1,23.10,21.40,0,400,4,6,6
2026-03-19 17:45:26,Sensor1,23.10,21.40,0,400,4,6,6
2026-03-19 17:45:27,Sensor1,23.10,21.40,0,400,3,4,5
2026-03-19 17:45:28,Sensor1,23.10,21.40,0,400,3,4,5
2026-03-19 17:45:29,Sensor1,23.20,21.40,0,400,3,4,5
2026-03-19 17:45:29,Sensor1,23.20,21.40,0,400,3,4,5
2026-03-19 17:45:30,Sensor1,23.10,21.40,0,400,4,5,6
2026-03-19 17:45:31,Sensor1,23.10,21.40,0,400,4,5,6
2026-03-19 17:45:32,Sensor1,23.20,21.40,0,400,3,4,5
2026-03-19 17:45:33,Sensor1,23.20,21.40,0,400,3,4,5
2026-03-19 17:45:34,Sensor1,23.10,21.40,0,400,3,4,6
2026-03-19 17:45:35,Sensor1,23.10,21.40,0,400,3,4,6
2026-03-19 17:45:36,Sensor1,23.20,21.40,0,400,3,4,6
2026-03-19 17:45:37,Sensor1,23.20,21.40,0,400,2,3,5
2026-03-19 17:45:38,Sensor1,23.10,21.50,0,400,2,3,4
2026-03-19 17:45:39,Sensor1,23.10,21.50,0,400,2,3,4
2026-03-19 17:45:41,Sensor1,23.10,21.50,0,400,3,3,4
2026-03-19 17:45:42,Sensor1,23.10,21.50,0,400,2,2,3
2026-03-19 17:45:43,Sensor1,23.10,21.50,0,400,1,2,3
2026-03-19 17:45:44,Sensor1,23.10,21.50,0,400,1,2,3
2026-03-19 17:45:44,Sensor1,23.10,21.50,0,400,2,3,3
2026-03-19 17:45:45,Sensor1,23.10,21.50,0,400,2,3,3
2026-03-19 17:45:46,Sensor1,23.20,21.50,0,400,2,3,4
2026-03-19 17:45:47,Sensor1,23.20,21.50,0,400,2,3,4
2026-03-19 17:45:48,Sensor1,23.20,21.50,0,400,3,4,5
2026-03-19 17:45:49,Sensor1,23.20,21.50,0,400,3,4,5
2026-03-19 17:45:50,Sensor1,23.10,21.50,0,400,3,4,7
2026-03-19 17:45:51,Sensor1,23.10,21.50,0,400,3,4,7
2026-03-19 17:45:52,Sensor1,23.20,21.50,0,400,2,4,5
2026-03-19 17:45:54,Sensor1,23.20,21.50,0,400,2,4,6
2026-03-19 17:45:55,Sensor1,23.10,21.50,0,400,2,4,6
2026-03-19 17:45:56,Sensor1,23.10,21.50,0,400,2,4,6
2026-03-19 17:45:57,Sensor1,23.20,21.50,0,400,2,4,6
2026-03-19 17:45:58,Sensor1,23.20,21.50,0,400,2,4,6
2026-03-19 17:45:59,Sensor1,23.10,21.50,0,400,2,4,6
2026-03-19 17:46:00,Sensor1,23.10,21.50,0,400,2,4,6
2026-03-19 17:46:01,Sensor1,23.20,21.50,0,400,2,3,6
2026-03-19 17:46:02,Sensor1,23.20,21.50,0,400,2,3,6
2026-03-19 17:46:03,Sensor1,23.20,21.50,0,400,2,3,6
2026-03-19 17:46:03,Sensor1,23.20,21.50,0,400,2,3,6
2026-03-19 17:46:04,Sensor1,23.20,21.50,0,400,2,3,5
2026-03-19 17:46:05,Sensor1,23.20,21.50,0,400,2,3,5
2026-03-19 17:46:06,Sensor1,23.20,21.50,0,400,2,4,6
2026-03-19 17:46:08,Sensor1,23.20,21.50,0,400,2,4,4
2026-03-19 17:46:09,Sensor1,23.20,21.50,0,400,2,3,4
2026-03-19 17:46:10,Sensor1,23.20,21.50,0,400,2,3,4
2026-03-19 17:46:11,Sensor1,23.20,21.60,0,400,2,4,4
2026-03-19 17:46:12,Sensor1,23.20,21.60,0,400,2,4,4
2026-03-19 17:46:13,Sensor1,23.20,21.50,0,400,2,4,4
2026-03-19 17:46:14,Sensor1,23.20,21.50,0,400,2,4,4
2026-03-19 17:46:15,Sensor1,23.20,21.50,0,400,3,5,5
2026-03-19 17:46:16,Sensor1,23.20,21.50,0,400,3,5,5
2026-03-19 17:46:16,Sensor1,23.20,21.50,0,400,3,5,5
2026-03-19 17:46:17,Sensor1,23.20,21.50,0,400,3,5,5
2026-03-19 17:46:18,Sensor1,23.20,21.50,0,400,3,6,6
2026-03-19 17:46:19,Sensor1,23.20,21.50,0,400,3,6,6
2026-03-19 17:46:20,Sensor1,23.20,21.40,0,400,3,6,6
2026-03-19 17:46:21,Sensor1,23.20,21.40,0,400,3,6,6
2026-03-19 17:46:23,Sensor1,23.20,21.40,0,400,3,6,6
2026-03-19 17:46:24,Sensor1,23.20,21.40,0,400,3,6,6
2026-03-19 17:46:25,Sensor1,23.20,21.40,0,400,3,6,6
2026-03-19 17:46:26,Sensor1,23.20,21.40,0,400,3,6,6
2026-03-19 17:46:27,Sensor1,23.20,21.40,0,400,3,6,6
2026-03-19 17:46:28,Sensor1,23.20,21.40,0,400,3,6,6
2026-03-19 17:46:29,Sensor1,23.20,21.40,0,400,3,6,6
2026-03-19 17:46:30,Sensor1,23.20,21.40,0,400,3,6,6
2026-03-19 17:46:31,Sensor1,23.20,21.40,0,400,4,7,7
2026-03-19 17:46:31,Sensor1,23.20,21.40,0,400,4,7,7
2026-03-19 17:46:32,Sensor1,23.20,21.30,0,400,4,6,6
2026-03-19 17:46:33,Sensor1,23.20,21.30,0,400,3,5,5
2026-03-19 17:46:34,Sensor1,23.20,21.40,0,400,2,4,4
2026-03-19 17:46:35,Sensor1,23.20,21.40,0,400,2,4,4
2026-03-19 17:46:36,Sensor1,23.20,21.40,0,400,3,6,6
2026-03-19 17:46:38,Sensor1,23.20,21.40,0,400,3,6,6
2026-03-19 17:46:39,Sensor1,23.20,21.40,0,400,3,5,5
2026-03-19 17:46:40,Sensor1,23.20,21.40,0,400,3,5,5
2026-03-19 17:46:41,Sensor1,23.20,21.30,0,400,3,4,6
2026-03-19 17:46:42,Sensor1,23.20,21.30,0,400,3,4,6
2026-03-19 17:46:43,Sensor1,23.20,21.40,0,400,3,5,6
2026-03-19 17:46:44,Sensor1,23.20,21.40,0,400,3,5,6
2026-03-19 17:46:45,Sensor1,23.20,21.30,0,400,3,5,6
2026-03-19 17:46:46,Sensor1,23.20,21.30,0,400,3,5,6
2026-03-19 17:46:47,Sensor1,23.20,21.40,0,400,3,5,6
2026-03-19 17:46:47,Sensor1,23.20,21.40,0,400,3,5,6
2026-03-19 17:46:48,Sensor1,23.20,21.40,0,400,4,6,7
2026-03-19 17:46:49,Sensor1,23.20,21.40,0,400,4,6,7
2026-03-19 17:46:50,Sensor1,23.20,21.40,0,400,4,6,7
2026-03-19 17:46:52,Sensor1,23.20,21.40,0,400,4,6,8
2026-03-19 17:46:53,Sensor1,23.20,21.40,0,400,4,5,7
2026-03-19 17:46:54,Sensor1,23.20,21.40,0,400,4,5,7
2026-03-19 17:46:55,Sensor1,23.20,21.40,0,400,3,5,6
2026-03-19 17:46:56,Sensor1,23.20,21.40,0,400,3,5,6
2026-03-19 17:46:57,Sensor1,23.20,21.40,0,400,3,4,6
2026-03-19 17:46:58,Sensor1,23.20,21.40,0,400,3,4,6
2026-03-19 17:46:59,Sensor1,23.20,21.40,0,400,3,4,4
2026-03-19 17:47:00,Sensor1,23.20,21.40,0,400,3,4,4
2026-03-19 17:47:01,Sensor1,23.20,21.40,0,400,2,3,3
2026-03-19 17:47:02,Sensor1,23.20,21.40,0,400,2,3,3
2026-03-19 17:47:02,Sensor1,23.20,21.40,0,400,2,3,3
2026-03-19 17:47:03,Sensor1,23.20,21.40,0,400,3,4,4
2026-03-19 17:47:04,Sensor1,23.10,21.40,0,400,3,4,4
2026-03-19 17:47:05,Sensor1,23.10,21.40,0,400,3,4,4
2026-03-19 17:47:07,Sensor1,23.20,21.40,0,400,3,3,3
2026-03-19 17:47:08,Sensor1,23.20,21.40,0,400,3,3,3
2026-03-19 17:47:09,Sensor1,23.20,21.40,0,400,1,2,3
2026-03-19 17:47:10,Sensor1,23.20,21.40,0,400,1,2,3
2026-03-19 17:47:11,Sensor1,23.20,21.40,0,400,1,2,3
2026-03-19 17:47:12,Sensor1,23.20,21.40,0,400,2,3,4
2026-03-19 17:47:13,Sensor1,23.20,21.50,0,400,3,4,5
2026-03-19 17:47:14,Sensor1,23.20,21.50,0,400,3,4,5
2026-03-19 17:47:15,Sensor1,23.20,21.50,0,400,1,2,3
2026-03-19 17:47:16,Sensor1,23.20,21.50,0,400,1,2,3
2026-03-19 17:47:17,Sensor1,23.20,21.50,0,400,1,2,3
2026-03-19 17:47:17,Sensor1,23.20,21.50,0,400,1,2,3
2026-03-19 17:47:18,Sensor1,23.20,21.50,0,400,3,4,5
2026-03-19 17:47:19,Sensor1,23.20,21.50,0,400,3,4,5
2026-03-19 17:47:20,Sensor1,23.20,21.50,0,400,3,4,5
2026-03-19 17:47:22,Sensor1,23.20,21.50,0,400,3,4,5
2026-03-19 17:47:23,Sensor1,23.20,21.50,0,400,3,4,6
2026-03-19 17:47:24,Sensor1,23.20,21.50,0,400,2,3,5
2026-03-19 17:47:25,Sensor1,23.20,21.50,0,400,2,3,4
2026-03-19 17:47:26,Sensor1,23.20,21.50,0,400,2,3,4
2026-03-19 17:47:27,Sensor1,23.20,21.60,0,400,2,3,3
2026-03-19 17:47:28,Sensor1,23.20,21.60,0,400,2,3,3
2026-03-19 17:47:29,Sensor1,23.20,21.50,0,400,3,4,4
2026-03-19 17:47:30,Sensor1,23.20,21.50,0,400,3,4,4
2026-03-19 17:47:31,Sensor1,23.20,21.60,0,400,3,4,4
2026-03-19 17:47:32,Sensor1,23.20,21.60,0,400,4,5,5
2026-03-19 17:47:33,Sensor1,23.20,21.60,0,400,3,4,4
2026-03-19 17:47:34,Sensor1,23.20,21.60,0,400,2,3,3
2026-03-19 17:47:34,Sensor1,23.20,21.60,0,400,2,3,3
2026-03-19 17:47:35,Sensor1,23.20,21.60,0,400,2,3,3
2026-03-19 17:47:36,Sensor1,23.20,21.60,0,400,2,3,3
2026-03-19 17:47:37,Sensor1,23.20,21.60,0,400,2,3,3
2026-03-19 17:47:38,Sensor1,23.20,21.60,0,400,2,3,3
2026-03-19 17:47:39,Sensor1,23.20,21.60,0,400,2,3,3
2026-03-19 17:47:40,Sensor1,23.20,21.60,0,400,2,3,3
2026-03-19 17:47:41,Sensor1,23.20,21.60,0,400,2,3,3
2026-03-19 17:47:43,Sensor1,23.20,21.60,0,400,2,3,3
2026-03-19 17:47:44,Sensor1,23.20,21.60,0,400,2,3,3
2026-03-19 17:47:45,Sensor1,23.20,21.60,0,400,2,3,3
2026-03-19 17:47:46,Sensor1,23.20,21.60,0,400,2,3,3
2026-03-19 17:47:47,Sensor1,23.20,21.70,0,400,2,3,3
2026-03-19 17:47:48,Sensor1,23.20,21.70,0,400,3,4,4
2026-03-19 17:47:48,Sensor1,23.20,21.70,0,400,3,4,4
2026-03-19 17:47:49,Sensor1,23.20,21.70,0,400,3,3,3
2026-03-19 17:47:50,Sensor1,23.20,21.70,0,400,3,3,3
2026-03-19 17:47:51,Sensor1,23.20,21.70,0,400,3,4,4
2026-03-19 17:47:52,Sensor1,23.20,21.70,0,400,3,4,4
2026-03-19 17:47:53,Sensor1,23.20,21.70,0,400,3,4,5
2026-03-19 17:47:54,Sensor1,23.20,21.70,0,400,3,4,5
2026-03-19 17:47:55,Sensor1,23.20,21.70,0,400,3,4,4
2026-03-19 17:47:56,Sensor1,23.20,21.70,0,400,3,4,4
2026-03-19 17:47:58,Sensor1,23.20,21.70,0,400,4,5,6
2026-03-19 17:47:59,Sensor1,23.20,21.70,0,400,4,5,6
2026-03-19 17:48:00,Sensor1,23.20,21.70,0,400,4,4,6
2026-03-19 17:48:01,Sensor1,23.20,21.70,0,400,4,4,6
2026-03-19 17:48:02,Sensor1,23.20,21.70,0,400,4,4,6
2026-03-19 17:48:03,Sensor1,23.20,21.80,0,400,4,4,6
2026-03-19 17:48:03,Sensor1,23.20,21.80,0,400,4,4,6
2026-03-19 17:48:04,Sensor1,23.20,21.70,0,400,4,4,6
2026-03-19 17:48:05,Sensor1,23.20,21.70,0,400,4,5,7
2026-03-19 17:48:06,Sensor1,23.20,21.80,0,400,4,5,7
2026-03-19 17:48:07,Sensor1,23.20,21.80,0,400,4,5,7
2026-03-19 17:48:08,Sensor1,23.20,21.80,0,400,4,5,7
2026-03-19 17:48:09,Sensor1,23.20,21.80,0,400,3,5,6
2026-03-19 17:48:10,Sensor1,23.20,21.80,0,400,3,5,6
2026-03-19 17:48:11,Sensor1,23.20,21.80,0,400,3,4,5
2026-03-19 17:48:13,Sensor1,23.20,21.80,0,400,3,4,5
2026-03-19 17:48:14,Sensor1,23.20,21.80,0,400,3,4,5
2026-03-19 17:48:15,Sensor1,23.20,21.90,0,400,3,4,5
2026-03-19 17:48:16,Sensor1,23.20,21.90,0,400,3,5,7
2026-03-19 17:48:17,Sensor1,23.20,21.80,0,400,3,5,7
2026-03-19 17:48:18,Sensor1,23.20,21.80,0,400,3,5,7
2026-03-19 17:48:18,Sensor1,23.20,21.90,0,400,3,5,7
2026-03-19 17:48:19,Sensor1,23.20,21.90,0,400,3,5,7
2026-03-19 17:48:20,Sensor1,23.20,21.90,0,400,3,5,7
2026-03-19 17:48:21,Sensor1,23.20,21.90,0,400,3,6,7
2026-03-19 17:48:22,Sensor1,23.20,21.90,0,400,3,6,7
2026-03-19 17:48:23,Sensor1,23.20,21.90,0,400,3,5,6
2026-03-19 17:48:24,Sensor1,23.20,21.90,0,400,3,5,6
2026-03-19 17:48:25,Sensor1,23.20,21.90,0,400,3,5,7
2026-03-19 17:48:27,Sensor1,23.20,21.90,0,400,4,5,7
2026-03-19 17:48:28,Sensor1,23.20,21.90,0,400,4,6,8
2026-03-19 17:48:29,Sensor1,23.20,21.90,0,400,4,6,8
2026-03-19 17:48:30,Sensor1,23.20,21.90,0,400,4,6,8
2026-03-19 17:48:31,Sensor1,23.20,21.90,0,400,4,6,8
2026-03-19 17:48:32,Sensor1,23.20,21.90,0,400,4,6,8
2026-03-19 17:48:32,Sensor1,23.20,21.90,0,400,4,6,8
2026-03-19 17:48:33,Sensor1,23.20,21.90,0,400,4,6,6
2026-03-19 17:48:34,Sensor1,23.20,21.90,0,400,4,6,6
2026-03-19 17:48:35,Sensor1,23.20,21.90,0,400,4,6,6
2026-03-19 17:48:36,Sensor1,23.20,21.90,0,400,4,6,6
2026-03-19 17:48:37,Sensor1,23.20,21.90,0,400,4,6,6
2026-03-19 17:48:38,Sensor1,23.20,21.90,0,400,4,6,6
2026-03-19 17:48:39,Sensor1,23.20,21.90,0,400,4,6,7
2026-03-19 17:48:40,Sensor1,23.20,22.00,0,400,4,6,7
2026-03-19 17:48:42,Sensor1,23.20,22.00,0,400,3,5,8
2026-03-19 17:48:43,Sensor1,23.20,22.00,0,400,3,5,8
2026-03-19 17:48:44,Sensor1,23.20,22.00,0,400,3,6,9
2026-03-19 17:48:45,Sensor1,23.20,22.00,0,400,3,6,9
2026-03-19 17:48:46,Sensor1,23.20,22.00,0,400,3,6,9
2026-03-19 17:48:47,Sensor1,23.20,22.10,0,400,3,6,9
2026-03-19 17:48:47,Sensor1,23.20,22.10,0,400,2,5,8
2026-03-19 17:48:48,Sensor1,23.20,22.10,0,400,2,5,8
2026-03-19 17:48:49,Sensor1,23.20,22.10,0,400,2,4,7
2026-03-19 17:48:50,Sensor1,23.20,22.10,0,400,3,5,8
2026-03-19 17:48:51,Sensor1,23.20,22.10,0,400,3,5,8
2026-03-19 17:48:52,Sensor1,23.20,22.10,0,400,3,5,8
2026-03-19 17:48:53,Sensor1,23.20,22.10,0,400,3,5,9
2026-03-19 17:48:54,Sensor1,23.20,22.20,0,400,3,5,9
2026-03-19 17:48:55,Sensor1,23.20,22.20,0,400,3,5,9
2026-03-19 17:48:57,Sensor1,23.20,22.20,0,400,3,6,8
2026-03-19 17:48:58,Sensor1,23.20,22.20,0,400,3,6,6
2026-03-19 17:48:59,Sensor1,23.20,22.20,0,400,3,6,6
2026-03-19 17:49:00,Sensor1,23.20,22.20,0,400,3,5,6
2026-03-19 17:49:01,Sensor1,23.20,22.20,0,400,3,5,6
2026-03-19 17:49:02,Sensor1,23.20,22.20,0,400,2,3,4
2026-03-19 17:49:03,Sensor1,23.20,22.20,0,400,2,3,4
2026-03-19 17:49:04,Sensor1,23.20,22.20,0,400,2,3,4
2026-03-19 17:49:05,Sensor1,23.20,22.20,0,400,2,3,4
2026-03-19 17:49:06,Sensor1,23.20,22.20,0,400,3,4,5
2026-03-19 17:49:07,Sensor1,23.20,22.20,0,400,3,4,5
2026-03-19 17:49:08,Sensor1,23.20,22.20,0,400,4,5,5
2026-03-19 17:49:09,Sensor1,23.20,22.20,0,400,4,5,5
2026-03-19 17:49:10,Sensor1,23.20,22.20,0,400,3,4,4
2026-03-19 17:49:11,Sensor1,23.20,22.20,0,400,3,4,4
2026-03-19 17:49:12,Sensor1,23.20,22.20,0,400,3,4,4
2026-03-19 17:49:13,Sensor1,23.20,22.20,0,400,3,4,4
2026-03-19 17:49:14,Sensor1,23.20,22.20,0,400,2,3,3
2026-03-19 17:49:15,Sensor1,23.20,22.20,0,400,2,3,3
2026-03-19 17:49:16,Sensor1,23.20,22.20,0,400,2,3,5
2026-03-19 17:49:17,Sensor1,23.20,22.20,0,400,3,4,6
2026-03-19 17:49:18,Sensor1,23.20,22.20,0,400,3,4,6
2026-03-19 17:49:19,Sensor1,23.20,22.20,0,400,3,4,6
2026-03-19 17:49:20,Sensor1,23.20,22.20,0,400,3,4,6
2026-03-19 17:49:21,Sensor1,23.20,22.20,0,400,3,4,6
2026-03-19 17:49:22,Sensor1,23.20,22.20,0,400,3,4,6
2026-03-19 17:49:23,Sensor1,23.20,22.20,0,400,3,4,6
2026-03-19 17:49:24,Sensor1,23.20,22.20,0,400,2,4,6
2026-03-19 17:49:25,Sensor1,23.20,22.30,0,400,2,4,6
2026-03-19 17:49:26,Sensor1,23.20,22.30,0,400,3,5,7
2026-03-19 17:49:27,Sensor1,23.20,22.30,0,400,3,5,7
2026-03-19 17:49:28,Sensor1,23.20,22.30,0,400,3,6,8
2026-03-19 17:49:29,Sensor1,23.20,22.30,0,400,2,5,7
2026-03-19 17:49:30,Sensor1,23.20,22.30,0,400,2,5,7
2026-03-19 17:49:31,Sensor1,23.20,22.30,0,400,2,5,7
2026-03-19 17:49:32,Sensor1,23.20,22.30,0,400,4,6,7
2026-03-19 17:49:33,Sensor1,23.20,22.30,0,400,4,6,7
2026-03-19 17:49:34,Sensor1,23.20,22.30,0,400,4,6,6
2026-03-19 17:49:35,Sensor1,23.20,22.30,0,400,4,6,6
2026-03-19 17:49:36,Sensor1,23.20,22.30,0,400,3,4,4
